rollout,t,p_x,p_z,theta,v_x,v_z,omega,u_1,u_2,ref_p_x,ref_p_z,pos_error,att_error
0,0.0,0.0,0.0,0.0,0.0,0.0,0.0,6.670111034565527,5.67097271720271,0.0,0.0,0.0,0.0
0,0.02,2.0550728053477794e-06,0.0005062141837248317,-0.004995691586814086,0.00041101391996592343,0.050620905047520766,-0.4995691586814086,6.1831768087215355,6.03340332918966,0.015707317311820675,0.015705379539064146,0.02185566035367469,0.004995691586814086
0,0.04,3.092342319593553e-05,0.0019998537424942356,-0.015735942158101635,0.0029131592925662874,0.09873851729962471,-0.5744558984473462,6.026397302762626,6.073698649513649,0.03141075907812829,0.03139525976465669,0.042997488077076644,0.015735942158101635
0,0.06,0.0001364372942396364,0.004432173255865371,-0.026988553393293445,0.008091980782382036,0.14448373937935252,-0.5508052250718345,5.948370670226349,6.038626956565528,0.04710645070964266,0.047054156659257156,0.06342567011456911,0.026988553393293445
0,0.08,0.0003715906080820659,0.007756118553839035,-0.037553376463034235,0.015845263880062084,0.1878971701409609,-0.5056770819022449,5.888204549340084,5.985204842872517,0.06279051952931337,0.06266661678215213,0.08313414162277315,0.037553376463034235
0,0.1,0.0007854595115512603,0.011924756943008147,-0.04718191663341697,0.025922361690159365,0.22895052826192341,-0.4571769351360282,5.831728052746191,5.926924305696024,0.07845909572784494,0.07821723252011543,0.10211702150573378,0.04718191663341697
0,0.12,0.0014217973565517242,0.016890536035553287,-0.05584947407138837,0.03805070036505337,0.26760988739545405,-0.40957880866111207,5.775744208434284,5.867095934510532,0.09410831331851431,0.0936906572928623,0.1203704650913359,0.05584947407138837
0,0.14,0.0023189636741860254,0.022605313845104887,-0.06358429161422938,0.05196557971348046,0.30384997819528403,-0.36390294562298786,5.719640672228413,5.806654741901853,0.10973431109104528,0.10907162069827128,0.13789299866748314,0.06358429161422938
0,0.16,0.003510168647175364,0.029020559717740625,-0.07042728017832194,0.06741724144023982,0.33765700549899413,-0.32039591078626817,5.663417990482821,5.745984177218416,0.12533323356430426,0.1243449435824274,0.15468547864937146,0.07042728017832194
0,0.18,0.005023792103787777,0.0360875842988689,-0.07642236746036933,0.08417249076206135,0.3690287267287513,-0.2791128174184707,5.607223131853856,5.685339254887612,0.14090123193758267,0.13949555301961464,0.1707509491942498,0.07642236746036933
0,0.2,0.006883718079944689,0.043757764153869234,-0.08161404319356996,0.10201492125629726,0.39797383276741666,-0.24005475590159264,5.551236571980647,5.624942139269378,0.15643446504023087,0.1545084971874737,0.18609446736499252,0.08161404319356996
0,0.22,0.009109668804265782,0.051982751999425564,-0.08604661047515816,0.12074470169836701,0.42451112505972466,-0.20320197225722714,5.495642887419646,5.565001638848439,0.17192910027940952,0.16936896012264568,0.20072291628869132,0.08604661047515816
0,0.24,0.011717532243094731,0.06071466979773459,-0.08976385616315874,0.14017816337371727,0.4486686228366357,-0.16852259654283097,5.44062149923228,5.505715468608902,0.1873813145857246,0.18406227634233896,0.2146448146757833,0.08976385616315874
0,0.26,0.014719680048528097,0.06990628378716063,-0.09280883824713225,0.16014725918621883,0.47048264785120236,-0.13597561185451967,5.386342654375917,5.4472690081506165,0.2027872953565125,0.1985739453173903,0.22787012759747546,0.09280883824713225
0,0.28,0.018125273699994893,0.07951116124053177,-0.09522371871534914,0.18049892706981938,0.4899969107530818,-0.10551243496716989,5.332965090539464,5.389833709209924,0.21814324139654256,0.21288964578253636,0.24041008202689615,0.09522371871534914
0,0.3,0.02194055716415043,0.08948380914253659,-0.09704962432134023,0.20109438070951427,0.5072616149668893,-0.07707812563193972,5.280634494949872,5.33356583158768,0.2334453638559054,0.2269952498697734,0.25227698980405844,0.09704962432134023
0,0.32,0.026169134821875134,0.09977979525110767,-0.09832653015078999,0.22180834744729266,0.5223325895759918,-0.050612457313035986,5.229482495760471,5.278605610407586,0.2486898871648548,0.24087683705085766,0.26348408002747736,0.09832653015078999
0,0.34,0.030812233787919512,0.11035585220685497,-0.09909316372381513,0.242528271284309,0.5352704596610864,-0.026050899989478626,5.179626075653372,5.225076826783902,0.2638730499653729,0.25452070787518566,0.2740453423197909,0.09909316372381513
0,0.36,0.03586895008774444,0.12116996549949936,-0.09938692796795205,0.2631534970007593,0.5461398601617049,-0.003325524424213633,5.131167336562724,5.173086727532689,0.2789911060392293,0.26791339748949833,0.2839753819377686,0.09938692796795205
0,0.38,0.04133647845664732,0.1321814462023096,-0.0992438415015865,0.283594449443283,0.5550086974190912,0.01763417106076881,5.084193557635534,5.122726237709401,0.29404032523230395,0.2810416889260653,0.2932892872898531,0.0992438415015865
0,0.4,0.047210325786970736,0.14335098945328956,-0.09869849468000179,0.303771820016981,0.5619474610301837,0.03690051109770209,5.038777495454189,5.0740704134558445,0.3090169943749474,0.29389262614623657,0.3020025100811678,0.09869849468000179
0,0.42,0.05348450846989081,0.15464071970218551,-0.09778401986803947,0.32361577043269263,0.5670285874226282,0.05454697009852971,4.99497788095292,5.027179087613339,0.32391741819814934,0.3064535268264882,0.3101307580216015,0.09778401986803947
0,0.44,0.06015173406009324,0.16601422376091554,-0.09653207443276679,0.34306516185875535,0.5703258755961542,0.07064757342873929,4.952840072325005,4.982097665619706,0.33873792024529137,0.3187119948743448,0.31768989980202883,0.09653207443276679
0,0.46,0.06720356783670421,0.17743657269636479,-0.0949728349977185,0.36206681585314027,0.5719139547169485,0.08527637007608968,4.912396827784661,4.9388580341026795,0.35347484377925714,0.3306559326618259,0.3246958818617859,0.0949728349977185
0,0.48,0.07463058494500649,0.1888743335923429,-0.0931350015646066,0.38057481183543374,0.5718678026582711,0.09850697323509916,4.873669166347567,4.89747954922069,0.3681245526846779,0.3422735529643443,0.33116465633203473,0.0931350015646066
0,0.5,0.08242250888404977,0.2002955721848237,-0.091045810185539,0.398549824415399,0.5702623141189184,0.11041216467166048,4.836667288823028,4.857970076150463,0.3826834323650898,0.35355339059327373,0.3371121194395188,0.091045810185539
0,0.52,0.09056833715880624,0.21166984734374045,-0.08873105295546863,0.41595850263292156,0.5671719165941661,0.12106355833537785,4.801391534961385,4.820327055163092,0.3971478906347806,0.3644843137107058,0.34255405958848045,0.08873105295546863
0,0.54,0.0990564549456428,0.22296819833746392,-0.08621510418775254,0.43277289208264724,0.5626702322001605,0.13053131843623111,4.767833356168094,4.784538573458423,0.4115143586051088,0.3750555348152298,0.34750611430040956,0.08621510418775254
0,0.56,0.1078747376301296,0.23416312577414133,-0.08352095173257626,0.44896989998952136,0.5568297831457678,0.13888392708139596,4.735976286378945,4.750584425338281,0.4257792915650727,0.3852566213878946,0.3519837351772926,0.08352095173257626
0,0.58,0.11701064306996868,0.24522856706852458,-0.08067023249615166,0.4645308025586173,0.549721738492926,0.14618799656106374,4.705796896602542,4.71843714640487,0.4399391698559151,0.39507750618784515,0.35600216005991814,0.08067023249615166
0,0.6,0.1264512944162628,0.25613986723475074,-0.07768327131591873,0.4794407933312283,0.5414156997383339,0.15250812146222792,4.677265721240742,4.688063010235054,0.4539904997395468,0.4045084971874737,0.3595763915746645,0.07768327131591873
0,0.62,0.13618355429633427,0.2668737457555637,-0.07457912244170262,0.4936885708244709,0.531979522677312,0.15790676595938402,4.650348146701701,4.659422978514501,0.4679298142605734,0.4135402871372809,0.36272118129650976,0.07457912244170262
0,0.64,0.14619409112342724,0.2774082602273791,-0.07137561296345094,0.5072659633983644,0.521479172972061,0.16244418186578402,4.625005254885105,4.632473597775679,0.4817536741017153,0.42216396275100754,0.36545101879960856,0.07137561296345094
0,0.66,0.15646943825515275,0.28772276742898345,-0.06808938761168239,0.520167589066586,0.5099786128336804,0.166178353311071,4.60119461600846,4.607167837841996,0.4954586684324076,0.4303710135019718,0.3677801249168689,0.06808938761168239
0,0.68,0.166996046675424,0.297797882410036,-0.06473595443629328,0.5323905478297829,0.49753971623957693,0.16916496422783922,4.578871026868383,4.583455868746789,0.5090414157503713,0.43815334002193185,0.36972244858415293,0.06473595443629328
0,0.7000000000000001,0.17776033182553877,0.30761543614436154,-0.061329730942344465,0.5439341440487623,0.4842222101410715,0.171457385167042,4.557987192051084,4.561285774334542,0.5224985647159488,0.44550326209418395,0.3712916667009524,0.061329730942344465
0,0.72,0.18874871516037695,0.31715843224269047,-0.05788409032758633,0.5547996363755312,0.47008363916803114,0.17310667630877097,4.538494346825161,4.540604201969658,0.5358267949789967,0.4524135262330098,0.3725011864959765,0.05788409032758633
0,0.74,0.19994766095651198,0.32641100317036664,-0.054411407525688425,0.5649900128106108,0.4551793514059272,0.17416160388101964,4.52034282148529,4.521356948795565,0.5490228179981318,0.45887731284199057,0.37336414994164896,0.054411407525688425
0,0.76,0.21134370885126907,0.3353583663679176,-0.050923104811516656,0.5745097885441715,0.43956250290369964,0.17466866753615706,4.503482547782363,4.5034894858232475,0.5620833778521306,0.4648882429441257,0.3738934398149847,0.050923104811516656
0,0.78,0.22292350254607524,0.3439867806265332,-0.04742969677058909,0.5833648243564972,0.4232840786661411,0.17467213655659952,4.4878635087904035,4.486947421802256,0.5750052520432786,0.4704403844771127,0.3741016870528797,0.04742969677058909
0,0.8,0.2346738150643258,0.35228350302665473,-0.04394083447439784,0.5915621634915679,0.40639292799018123,0.17421409306252578,4.473436134138393,4.471676909357079,0.5877852522924731,0.47552825814757677,0.3740012790969355,0.04394083447439784
0,0.8200000000000001,0.24658157091377347,0.3602367467062258,-0.040465348737053895,0.599109885068868,0.3889358121184931,0.17333448067186863,4.460151642990267,4.45762499627489,0.600420225325884,0.48014684283847153,0.3736043689661798,0.040465348737053895
0,0.84,0.2586338654663262,0.3678356396858463,-0.03701129235719341,0.6060169722568011,0.37095746230434357,0.1720711573141802,4.447962337503725,4.444739925123558,0.6129070536529764,0.48429158056431554,0.37292288483522057,0.03701129235719341
0,0.86,0.27081798183420946,0.37507018494121486,-0.033585981272810636,0.6122931935913077,0.35250064650674506,0.17045995112409695,4.43682184975051,4.432971384576442,0.6252426563357051,0.48795838096937366,0.37196853993043977,0.033585981272810636
0,0.88,0.2831214054907033,0.3819312218789168,-0.030196034576199036,0.6179489959814375,0.33360624306299547,0.16853471853706292,4.426685345250656,4.422270715937199,0.6374239897486896,0.4911436253643443,0.3707528425878234,0.030196034576199036
0,0.9,0.2955318368560331,0.38841038933986005,-0.026847413352025062,0.6229954080965847,0.3143133198150014,0.1663274038803344,4.417509686371756,4.412591078405937,0.6494480483301837,0.4938441702975689,0.36928710634309153,0.026847413352025062
0,0.92,0.3080372020443464,0.3945000902254845,-0.02354545831424747,0.6274439529755179,0.2946592172948738,0.1638680998974249,4.409253558883036,4.403887576619845,0.6613118653236518,0.49605735065723894,0.36758245994811806,0.02354545831424747
0,0.9400000000000001,0.32062566194587844,0.4001934578152647,-0.020294926227614928,0.6313065688335247,0.2746796347028455,0.16118510876582937,4.401877564938641,4.396117353943078,0.6730125135097733,0.49778098230154,0.36564985722747634,0.020294926227614928
0,0.96,0.3332856197992013,0.40548432381993466,-0.017100025107276155,0.6345955371698615,0.2544087175352637,0.15830500326804797,4.395344285718459,4.389239654896831,0.6845471059286886,0.4990133642141358,0.36350008670556894,0.017100025107276155
0,0.98,0.34600572739165186,0.410367188193237,-0.013964448196023337,0.637323417392615,0.23387914584170527,0.15525268785723378,4.389618316851102,4.383215859982194,0.6959127965923143,0.4997532801828658,0.3611437809484964,0.013964448196023337
0,1.0,0.3587748900114194,0.41483719070574177,-0.010891406723223203,0.6395029872817967,0.21312222220630747,0.15205145942277953,4.384666279642695,4.3780094960194775,0.7071067811865475,0.5,0.3585914255758655,0.010891406723223203
0,1.02,0.3715822702621244,0.4188900842672973,-0.0078836614528837,0.6411471887041205,0.19216795865974884,0.14872306761117082,4.380456810988194,4.373586224955397,0.7181262977631888,0.4997532801828658,0.3558533679064146,0.0078836614528837
0,1.04,0.3844172908398143,0.42252220996985573,-0.004943553030824267,0.6422690780747509,0.17104516183335783,0.1452877745947725,4.3769605346921985,4.369913813919621,0.7289686274214116,0.4990133642141358,0.3529398252079062,0.004943553030824267
0,1.06,0.3972696363629285,0.4257304738096357,-0.002073031142791704,0.642881781132895,0.14978151576569684,0.14176441420848374,4.374150016761385,4.366962089130816,0.7396310949786098,0.49778098230154,0.3498608925264423,0.002073031142791704
0,1.08,0.4101292543377517,0.4285123250367134,0.0007263175032251219,0.6429984516600865,0.12840366186422122,0.13817045039319886,4.371999707059634,4.364702876068053,0.7501110696304596,0.4960573506572389,0.3466265500734218,0.0007263175032251219
0,1.1,0.4229863553349838,0.43086573607104195,0.003453242356131196,0.6426322338231175,0.10693727561010877,0.13452203489740855,4.37048586954209,4.363109928138629,0.760405965600031,0.49384417029756883,0.34324667014996857,0.003453242356131196
0,1.12,0.43583141244715307,0.43278918391644655,0.00610680334706206,0.6417962278686055,0.08540713967304148,0.13083406419567778,4.369586503111886,4.362158845893419,0.7705132427757893,0.4911436253643443,0.33973102358898893,0.00610680334706206
0,1.1400000000000001,0.4486551600915186,0.4342816329981991,0.00868634634488328,0.6405034589339578,0.06383721317474914,0.12712023558644425,4.369281254953559,4.3618269886453005,0.7804304073383297,0.4879583809693737,0.336089285694209,0.00868634634488328
0,1.16,0.4614485922187227,0.43534251934519974,0.011191479725070874,0.6387668487708237,0.04225069690484566,0.12339310243231516,4.369551328066314,4.3620933802140485,0.7901550123756903,0.4842915805643156,0.33233104165371263,0.011191479725070874
0,1.18,0.47420295998363365,0.4359717360344602,0.013622052034455849,0.6365991902027931,0.02067009435234856,0.11966412850618235,4.370379384507194,4.362938610302826,0.7996846584870905,0.48014684283847153,0.3284657914027593,0.013622052034455849
0,1.2,0.4869097689314679,0.4361696198133688,0.015978130733557656,0.6340131241598725,-0.0008827315320993415,0.11594374140399832,4.371749445729152,4.364344732888479,0.8090169943749475,0.4755282581475768,0.32450295390707856,0.015978130733557656
0,1.22,0.4995607757492975,0.43593693881398665,0.018259981997434258,0.6310211191488494,-0.022386505881219904,0.11224138498366187,4.373646791239183,4.36629516284684,0.8181497174250234,0.4704403844771127,0.32045187083349563,0.018259981997434258
0,1.24,0.5121479846303644,0.43527488127327635,0.020468051555145778,0.6276354530316869,-0.04382049376017043,0.10856557078749018,4.3760578566598145,4.3687745718933915,0.8270805742745618,0.4648882429441257,0.31632180956969913,0.020468051555145778
0,1.26,0.524663643296169,0.43418504517358414,0.022602946547063466,0.6238681969941882,-0.06516445628077422,0.10492392840427867,4.378970132144733,4.371768784788447,0.8358073613682702,0.4588773128419906,0.3121219655492695,0.022602946547063466
0,1.28,0.5371002387190238,0.4326694287187838,0.02466541837836761,0.6197312015948426,-0.08639861091107712,0.10132325472613557,4.382372061975243,4.375264676633289,0.8443279255020151,0.45241352623300973,0.30786146383183305,0.02466541837836761
0,1.3,0.5494504925856181,0.4307304215631494,0.026656346546180553,0.6152360847895085,-0.10750359588401964,0.09776956205515885,4.38625294604935,4.379250071970503,0.8526401643540922,0.44550326209418395,0.3035493598814375,0.026656346546180553
0,1.32,0.5617073565400983,0.42837079671217076,0.028576723416889497,0.610394221831802,-0.12846043858679745,0.09426812501573556,4.3906028438692735,4.383713646297224,0.8607420270039436,0.43815334002193174,0.29919463947909886,0.028576723416889497
0,1.34,0.5738640072431963,0.42559370301707594,0.030427639929343962,0.6052167369521094,-0.14925052779407538,0.0908235262297108,4.395412481536262,4.388644830504736,0.8686315144381913,0.4303710135019718,0.29480621769803383,0.030427639929343962
0,1.36,0.5859138412820182,0.422402658187712,0.03221027219878055,0.5997144967203267,-0.16985558959325747,0.08743970071394802,4.4006731621730815,4.394033718670644,0.8763066800438637,0.4221639627510075,0.2903929368625806,0.03221027219878055
0,1.3800000000000001,0.5978504699632256,0.4188015422515883,0.03392586899554733,0.5938981049990117,-0.19025766683816683,0.08411997896272938,4.406376680114581,4.399870979550994,0.8837656300886935,0.41354028713728086,0.2859635634044131,0.03392586899554733
0,1.4000000000000001,0.6096677140204869,0.41479459139024866,0.03557574007198398,0.5877778993948178,-0.21043910195842658,0.08086712868093571,4.41251523913447,4.406147772048626,0.8910065241883679,0.4045084971874737,0.2815267835226825,0.03557574007198398
0,1.42,0.6213595982652442,0.4103863920876601,0.03716124531017347,0.5813639491170421,-0.23038252294524852,0.07768339513801337,4.419081374911842,4.4128556648699515,0.8980275757606155,0.39507750618784526,0.2770911975485198,0.03716124531017347
0,1.44,0.6329203462080247,0.4055818755289321,0.038683784662724284,0.5746660541529942,-0.25007083232994937,0.07457054011706798,4.426067881883365,4.419986560525485,0.9048270524660196,0.3852566213878946,0.27266531290937845,0.038683784662724284
0,1.46,0.6443443746757319,0.4003863121913805,0.04014478885827624,0.567693745670782,-0.269487198969049,0.07152987943812805,4.433467744576063,4.427532623778636,0.9114032766354452,0.37505553481522985,0.2682575355855038,0.04014478885827624
0,1.48,0.6556262884485725,0.39480530657367857,0.04154571084305167,0.5604562875610982,-0.28861505244902247,0.06856231903941445,4.44127407347073,4.435486214602614,0.9177546256839811,0.3644843137107057,0.2638761599500731,0.04154571084305167
0,1.5,0.6667608749385169,0.38884479201256966,0.04288801792949938,0.5529626790307243,-0.3074380799244463,0.06566838960535648,4.449480045406794,4.4438398256660046,0.9238795325112867,0.3535533905932738,0.2595293568869641,0.04288801792949938
0,1.52,0.6777430989294606,0.3825110255403213,0.04417318462290256,0.5452216581617909,-0.3259402252051929,0.06284827973496165,4.458078848505479,4.4525860243333515,0.9297764858882513,0.3422735529643444,0.25522516008658325,0.04417318462290256
0,1.54,0.6885680973975495,0.37581058273975726,0.045402686096741154,0.5372417063523613,-0.3441056899113016,0.06010186764889802,4.467063631558734,4.46171739913748,0.9354440308298673,0.33065593266182597,0.2509714504315951,0.045402686096741154
0,1.56,0.6992311744284606,0.3687503525572924,0.04657799228761284,0.5290310535556422,-0.36191893651801593,0.057428751438270975,4.476427457806621,4.47122651065497,0.9408807689542255,0.31871199487434493,0.2467759384017679,0.04657799228761284
0,1.58,0.7097277962467953,0.3613375320378984,0.047700562580620005,0.5205976842370815,-0.3793646931180757,0.05482827786244515,4.486163263004645,4.481105846694506,0.9460853588275453,0.30645352682648824,0.24264614445146096,0.047700562580620005
0,1.6,0.7200535863711499,0.3535796209493354,0.04877184105631821,0.5119493439707656,-0.39642795973355494,0.05229956970737559,4.496263817665107,4.491347781689859,0.9510565162951535,0.2938926261462366,0.23858937734547042,0.04877184105631821
0,1.62,0.7302043209068804,0.3454844162662802,0.04979325227058948,0.503093546598866,-0.4130940160152194,0.049841551719751465,4.506721693342151,4.501944540174177,0.9557930147983301,0.28104168892606524,0.23461271047983634,0.04979325227058948
0,1.6400000000000001,0.7401759239870753,0.33706000648816203,0.05076619753914464,0.4940375818803951,-0.42934843017343616,0.04745297513576485,4.517529232818694,4.51288816420011,0.9602936856769431,0.26791339748949833,0.2307229562643724,0.05076619753914464
0,1.6600000000000001,0.749964463370808,0.328314765767573,0.05169205169876701,0.48478852355818225,-0.4451770689910088,0.04513244082647283,4.52867852404426,4.524170484560536,0.9645574184577981,0.25452070787518555,0.22692663870333066,0.05169205169876701
0,1.68,0.7595661462063402,0.31925734782904525,0.05257216031787785,0.4753532377757543,-0.4605661087748557,0.04287842108461115,4.540161377666082,4.5357830956572585,0.9685831611286311,0.2408768370508578,0.2232299643795042,0.05257216031787785
0,1.7,0.7689773149656157,0.309896679660784,0.053407837329525955,0.4657383917786817,-0.4755020471101193,0.04068928008019945,4.551969307990816,4.547717333859398,0.9723699203976766,0.22699524986977343,0.2196387921243327,0.053407837329525955
0,1.72,0.7781944435551008,0.30024195496460443,0.05420036306047286,0.4559504628379032,-0.4899717152870366,0.038563293014490796,4.564093517211014,4.559964259189518,0.9759167619387473,0.21288964578253644,0.21615860174058232,0.05420036306047286
0,1.74,0.7872141336068107,0.29030262735184686,0.05495098263065519,0.4459957473355484,-0.5039622912776606,0.036498664003742576,4.5765248827289895,4.572514640173096,0.9792228106217657,0.1985739453173903,0.2127944622324833,0.05495098263065519
0,1.76,0.7960331109522013,0.2800884032754347,0.055660904697950576,0.43588036995682566,-0.5174613131462478,0.034493542725795745,4.589253947409952,4.585358941686174,0.9822872507286886,0.18406227634233907,0.20955100008744953,0.055660904697950576
0,1.78,0.8046482222805075,0.2696092346904978,0.056331300523847605,0.42561029293460345,-0.5304566927837946,0.032546039863906806,4.602270912597271,4.598487315635969,0.9851093261547739,0.16936896012264566,0.20643236823947245,0.056331300523847605
0,1.8,0.8130564319820741,0.25887531143810677,0.05696330333631923,0.41519132529638214,-0.5429367298637648,0.030654241383255787,4.615565633724188,4.611889594310583,0.9876883405951378,0.15450849718747375,0.20344221642193036,0.05696330333631923
0,1.82,0.8212548191762483,0.24789705334866013,0.05755800796691632,0.40462913206640755,-0.5548901259224917,0.028816221676453146,4.629127618358652,4.625555286235883,0.9900236577165575,0.13949555301961455,0.20058366368135025,0.05755800796691632
0,1.84,0.8292405749224895,0.23668510206333213,0.05811647073983154,0.39392924337871027,-0.5663059984740259,0.027030055615068882,4.642946026521208,4.639473574380305,0.9921147013144779,0.12434494358242741,0.1978592738677371,0.05811647073983154
0,1.86,0.8370109996124974,0.2252503125737332,0.058639709591428404,0.3830970634598558,-0.5771738950753287,0.025293829544617452,4.657009673119356,4.653633316551749,0.9939609554551797,0.10907162069827116,0.19527103493583858,0.058639709591428404
0,1.8800000000000001,0.8445635005403656,0.2136037444815573,0.05912870439948272,0.37213787944314836,-0.5874838072636499,0.023605651260814042,4.6713070323459505,4.668023047834541,0.99556196460308,0.09369065729286229,0.19282034288015992,0.05912870439948272
0,1.9000000000000001,0.8518955896470307,0.20175665298149573,0.05958439750214195,0.3610568699789454,-0.5972261842936835,0.021963659005109104,4.685826243893689,4.682630984918671,0.996917333733128,0.07821723252011549,0.1905079910809706,0.05958439750214195
0,1.92,0.859004881434611,0.18972047957209007,0.06000769438736904,0.3498591136085978,-0.6063919466076452,0.020366029517600026,4.70055512084254,4.697445032178154,0.9980267284282716,0.06266661678215227,0.18833416575696807,0.06000769438736904
0,1.94,0.8658890910456037,0.17750684250048027,0.06039946453439911,0.33854959687233666,-0.6149724989767569,0.018810985185406803,4.715481159081891,4.712452789360141,0.99888987496197,0.047054156659257176,0.18629844810292115,0.06039946453439911
0,1.96,0.8725460325013498,0.16512752694818283,0.06076054238949849,0.3271332221241736,-0.6229597432577544,0.017296800324531514,4.730591548134488,4.7276415607516125,0.9995065603657316,0.03139525976465679,0.18439982354017714,0.06076054238949849
0,1.98,0.8789736170936553,0.1525944749661129,0.06109172845907474,0.31561481502956706,-0.6303460907129491,0.01582180663309396,4.745873183254453,4.742998365695534,0.9998766324816606,0.015705379539064118,0.182636698329629,0.06109172845907474
0,2.0,0.8851698519230089,0.139919775168046,0.06139379050394203,0.3039991317242325,-0.6371244738470706,0.014384397853634656,4.761312678677167,4.758509950333869,1.0,6.123233995736766e-17,0.18100692359813264,0.06139379050394203
0,2.02,0.8911328385764207,0.12711565219260637,0.06166746481929823,0.2922908656150386,-0.6432883577185969,0.01298303368198539,4.7768963819041685,4.774162800460078,0.9998766324816606,-0.015705379539063997,0.1795078266199112,0.06166746481929823
0,2.04,0.8968607719375568,0.11419445594467154,0.06191345758571749,0.2804946538064328,-0.6488317506875426,0.011616242959940237,4.792610388911784,4.789943155369273,0.9995065603657316,-0.03139525976465667,0.1781362489847719,0.06191345758571749
0,2.06,0.902351939121534,0.10116865062780314,0.06213244627720373,0.2686150831382792,-0.6537492145657189,0.010282626188684585,4.808440560177537,4.805837022599594,0.99888987496197,-0.04705415665925705,0.1768885910859972,0.06213244627720373
0,2.08,0.9076047185264835,0.0880508035799557,0.0623250811130877,0.2566566958233706,-0.6580358741393191,0.008980857399712772,4.824372537423987,4.8218301934637635,0.9980267284282716,-0.06266661678215214,0.17576086218293133,0.0623250811130877
0,2.1,0.9126175789937782,0.07485357392528125,0.06249198654128084,0.2446239946751912,-0.6616874260373017,0.00770968541960082,4.84039176098489,4.837908259275107,0.996917333733128,-0.07821723252011537,0.17474873514551859,0.06249198654128084
0,2.12,0.9173890790686541,0.06158970105534423,0.06263376274112394,0.2325214479187601,-0.6647001469224666,0.006467934564709399,4.856483487703878,4.854056628177726,0.99556196460308,-0.09369065729286238,0.17384760487716222,0.06263376274112394
0,2.14,0.9219178663528352,0.048271992953491424,0.06275098713478736,0.22035349357957498,-0.6670709009853338,0.005254504801633253,4.872632809281245,4.870260542495495,0.9939609554551797,-0.10907162069827125,0.1730526493423418,0.06275098713478736
0,2.16,0.9262026769406917,0.03491331437648859,0.06284421589689126,0.20812454344780118,-0.6687971467239565,0.0040683714087581535,4.888824670989253,4.886505096519895,0.9921147013144778,-0.12434494358242751,0.17235889209773667,0.06284421589689126
0,2.18,0.9302423349304249,0.02152657490784529,0.06291398545271963,0.19583898661691032,-0.6698769429956279,0.002908584174079021,4.905043890681715,4.902775254661383,0.9900236577165575,-0.13949555301961464,0.17176126523854865,0.06291398545271963
0,2.2,0.9340357520017786,0.008124716897503307,0.06296081395609955,0.18350119259796513,-0.6703089543290867,0.001774266163912852,4.9212751780281945,4.919055869894102,0.9876883405951377,-0.15450849718747386,0.17125467172132344,0.06296081395609955
0,2.22,0.937581927051818,-0.005279296697232483,0.06298520273870735,0.17111551401266853,-0.670092455488286,0.0006646120968665237,4.937503153908121,4.9353317024282015,0.9851093261547739,-0.16936896012264574,0.17083404610485892,0.06298520273870735
0,2.24,0.940879945880397,-0.018672494554486045,0.06298763772324507,0.1586862888701452,-0.6692273352810874,-0.00042111364309338484,4.953712369904575,4.951587438548721,0.9822872507286886,-0.18406227634233915,0.1704944128545948,0.06298763772324507
0,2.2600000000000002,0.9439289809170562,-0.03204190929917878,0.06296859079360394,0.14621784243419791,-0.6677140996083604,-0.0014835793210203896,4.969887327842074,4.9678077095642585,0.9792228106217657,-0.1985739453173904,0.17023094147538506,0.06296859079360394
0,2.2800000000000002,0.946728290981241,-0.04537458986775773,0.06292852111579444,0.1337144886894764,-0.6655538737509376,-0.0025233884599282774,4.98601249931688,4.983977110812962,0.9759167619387474,-0.21288964578253633,0.1700389978651033,0.06292852111579444
0,2.3000000000000003,0.9492772210679175,-0.05865761391103354,0.06286787640407629,0.12118053141660992,-0.6627484038936842,-0.0035410827118873556,5.002072345172523,5.000080220677244,0.9723699203976766,-0.22699524986977354,0.1699141914099936,0.06286787640407629
0,2.32,0.9515752021508797,-0.07187810021988013,0.06278709412736215,0.10862026488788232,-0.6593000578876157,-0.004537144959526618,5.018051334877154,5.016101619562674,0.9685831611286312,-0.2408768370508575,0.16985241746603089,0.06278709412736215
0,2.34,0.9536217509962862,-0.08502322115858194,0.06268660265159921,0.0960379741964663,-0.6552118252525221,-0.005512002616766765,5.033933965763188,5.032025908799927,0.9645574184577982,-0.25452070787518544,0.16984989498399447,0.06268660265159921
0,2.36,0.9554164699792403,-0.09808021509067788,0.06256682231444757,0.08343793523357719,-0.6504873164239643,-0.0064660310983972735,5.049704782093145,5.047837729432363,0.9602936856769431,-0.2679133974894982,0.1699031991360754,0.06256682231444757
0,2.38,0.9569590468965254,-0.1110363987822411,0.062428166429175716,0.07082441432915378,-0.6451307612497874,-0.007399557428788395,5.0653483939191535,5.063521780854869,0.9557930147983302,-0.2810416889260651,0.17000928888663647,0.062428166429175716
0,2.4,0.9582492547689343,-0.12387917976764828,0.06227104221527853,0.05820166757281885,-0.6391470067424634,-0.00831286396093045,5.080849495706518,5.079062839272732,0.9510565162951536,-0.2938926261462365,0.17016552951839953,0.06227104221527853
0,2.42,0.9592869516269726,-0.13659606866302904,0.06209585165389099,0.04557393983291308,-0.6325415140946428,-0.009206192177823702,5.096192884695908,5.094445775952998,0.9460853588275454,-0.30645352682648813,0.17036971017816854,0.06209585165389099
0,2.44,0.9600720802740856,-0.14917469141274287,0.061902992266619966,0.03294546349232617,-0.6253203549662245,-0.010079746549278568,5.111363478978239,5.109655575240737,0.9408807689542255,-0.3187119948743448,0.17062005654437903,0.061902992266619966
0,2.46,0.960604668021938,-0.1616028014544069,0.06169285781694688,0.020320456920676144,-0.6174902070522141,-0.010933698418029714,5.126346335264506,5.124677352319704,0.9354440308298674,-0.33065593266182586,0.17091523874407402,0.06169285781694688
0,2.48,0.9608848263926759,-0.1738682917881897,0.06146583893386228,0.0077031227030878845,-0.609058348941315,-0.011768189890430492,5.1411266663296225,5.1394963706946974,0.9297764858882513,-0.34227355296434436,0.1712543746616363,0.06146583893386228
0,2.5,0.9609127507835112,-0.1859592069362934,0.061222323657879045,-0.004902354353580498,-0.6000326542760013,-0.012583337707892994,5.155689858114939,5.15409805937763,0.9238795325112867,-0.35355339059327373,0.17163702878821888,0.061222323657879045
0,2.52,0.9606887200893895,-0.19786375477876744,0.06096269791003464,-0.01749180941574213,-0.5904215852254353,-0.013379237076547312,5.170021486475131,5.168468029760489,0.9177546256839813,-0.36448431371070567,0.1720632067619455,0.06096269791003464
0,2.54,0.960213096279934,-0.2095703182520304,0.06068734588493049,-0.030061099997638868,-0.5802341852831856,-0.0141559654338681,5.184107333557009,5.182592092160149,0.9114032766354453,-0.37505553481522974,0.17253334574712365,0.06068734588493049
0,2.56,0.9594863239272932,-0.22106746689672085,0.06039665036926883,-0.04260610849353608,-0.5694800714022341,-0.014913586132297763,5.197933403799582,5.196456272021657,0.9048270524660195,-0.3852566213878947,0.17304830079837177,0.06039665036926883
0,2.58,0.9585089296819603,-0.23234396824175274,0.060090992987733245,-0.05512274484551942,-0.5581694254802507,-0.015652152021260246,5.211485939546205,5.210046825767987,0.8980275757606156,-0.3950775061878452,0.17360932735487247,0.060090992987733245
0,2.6,0.9572815216940734,-0.24338879901171473,0.059770754378416946,-0.06760694932485645,-0.5463129852085531,-0.01637170891036943,5.224751436260902,5.223350256285524,0.8910065241883679,-0.40450849718747367,0.17421806001281537,0.059770754378416946
0,2.62,0.9558047889781436,-0.25419115614502563,0.059436314300332665,-0.08005469540499908,-0.5339220342985824,-0.017072298898058502,5.237716657342228,5.236353328035704,0.8837656300886935,-0.4135402871372808,0.1748764877320171,0.059436314300332665
0,2.64,0.954079500719597,-0.26474046761053777,0.059088051675838874,-0.09246199270453032,-0.5210083921000992,-0.017753963551320417,5.250368648528895,5.24904308178411,0.8763066800438635,-0.42216396275100765,0.17558692564681846,0.059088051675838874
0,2.66,0.952106505521946,-0.2750264030105687,0.05872634457108854,-0.1048248899786951,-0.5075844026256577,-0.018416746923713312,5.2626947518924405,5.261406848939283,0.8686315144381912,-0.4303710135019719,0.17635198367231006,0.05872634457108854
0,2.68,0.949886730593827,-0.28503888395863525,0.058351570117848486,-0.11713947813859943,-0.49366292299624515,-0.019060698400291898,5.274682619412771,5.273432265494102,0.8607420270039436,-0.4381533400219318,0.17717453212492854,0.058351570117848486
0,2.7,0.9474211808755579,-0.294768094220465,0.0579641043802493,-0.12940189327770718,-0.47925731132328314,-0.019685875359626515,5.28632022613309,5.285107285563359,0.8526401643540923,-0.4455032620941839,0.17805766461110442,0.0579641043802493
0,2.72,0.9447109381052657,-0.30420448960716745,0.05756432217020811,-0.14160831968590692,-0.4643814140424883,-0.020292345644492116,5.297595882891239,5.2964201945114455,0.844327925502015,-0.4524135262330099,0.17900465847810976,0.05756432217020811
0,2.74,0.9417571598250258,-0.31333880760975935,0.0571525968154193,-0.15375499283215535,-0.4490495527153711,-0.020880189834388663,5.308498248624774,5.307359621664732,0.8358073613682702,-0.4588773128419906,0.18001893316609605,0.0571525968154193
0,2.7600000000000002,0.9385610783278237,-0.32216207676455794,0.056729299883931314,-0.16583820229752358,-0.43327651031443143,-0.021449503314409757,5.31901634224745,5.317914552603353,0.8270805742745617,-0.46488824294412573,0.1811040068476867,0.056729299883931314
0,2.7800000000000002,0.9351239995465046,-0.3306656257392786,0.05629480086942264,-0.17785429464137018,-0.41707751700837625,-0.022000398136458266,5.329139554094928,5.328074341027515,0.8181497174250234,-0.4704403844771127,0.18226345178903974,0.05629480086942264
0,2.8000000000000003,0.9314473018862154,-0.33884109213000313,0.05584946684135641,-0.1897996761843349,-0.40046823546395155,-0.022533004670164836,5.3388576569376855,5.337828720193562,0.8090169943749475,-0.47552825814757677,0.18350084891144064,0.05584946684135641
0,2.82,0.9275324350021535,-0.34668043095951967,0.05539366206423249,-0.2016708156928806,-0.3834647456812391,-0.023047473042226763,5.348160816559157,5.3471678139152905,0.7996846584870906,-0.4801468428384715,0.18481974207234325,0.05539366206423249
0,2.84,0.9233809185247384,-0.35417592286787397,0.05492774759016862,-0.21346424695119995,-0.36608352937952665,-0.023543974364160114,5.35703960189715,5.356082147126018,0.7901550123756905,-0.4842915805643155,0.18622359261654373,0.05492774759016862
0,2.86,0.9189943407345877,-0.36132018198631727,0.054452080829029754,-0.2251765712074426,-0.3483414539511129,-0.024022701749726316,5.365484994746451,5.364562655997093,0.78043040733833,-0.4879583809693736,0.18771573476913095,0.054452080829029754
0,2.88,0.9143743571899351,-0.36810616348618536,0.05396701510028844,-0.2368044594823947,-0.3302557560006639,-0.024483871124405088,5.373488399020659,5.372600697608531,0.7705132427757893,-0.49114362536434436,0.189299332449693,0.05396701510028844
0,2.9,0.9095226893093459,-0.37452717079459824,0.0534728991707397,-0.24834465472995307,-0.31184402448798376,-0.024927721830469096,5.381041649570969,5.380188059167537,0.760405965600031,-0.49384417029756883,0.1909773380801817,0.0534728991707397
0,2.92,0.9044411229127934,-0.3805768624692297,0.05297007678211316,-0.25979397383996794,-0.29312418349231106,-0.025354517032185164,5.388137020559699,5.387316966770723,0.7501110696304597,-0.4960573506572389,0.19275245393579013,0.05297007678211316
0,2.94,0.8991315067243306,-0.38624925872476074,0.052458886172524574,-0.2711493094752751,-0.27411447461649563,-0.025764543926673156,5.3947672333866805,5.393980093706416,0.7396310949786099,-0.49778098230154,0.19462709654891722,0.052458886172524574
0,2.96,0.8935957508397441,-0.39153874760399987,0.051939659595589785,-0.282407631735993,-0.2548334390496271,-0.026158113766805435,5.400925464162506,5.4001705682895365,0.7289686274214114,-0.4990133642141358,0.1966033646214902,0.051939659595589785
0,2.98,0.8878358251627051,-0.396440090787029,0.05141272284088883,-0.2935659896454042,-0.23529989930705777,-0.026535561703290078,5.406605350734907,5.405881981233535,0.7181262977631888,-0.4997532801828658,0.19868301083209708,0.05141272284088883
0,3.0,0.8818537578130307,-0.4009484290321106,0.05087839475931617,-0.3046215124530014,-0.21553294066664394,-0.026897246453975843,5.4118009992534075,5.411108392543849,0.7071067811865476,-0.5,0.20086741784396855,0.05087839475931617
0,3.02,0.8756516335107453,-0.4050592872424752,0.05033698679668886,-0.3155714107514761,-0.1955518923207206,-0.02724354980875532,5.416506990278696,5.415844337937685,0.6959127965923144,-0.4997532801828658,0.20315757873085863,0.05033698679668886
0,3.04,0.8692315919396869,-0.4087685791534987,0.0497888025388087,-0.3264129774056489,-0.17537630826318054,-0.027574875979261115,5.420718384430041,5.4200848347827435,0.6845471059286888,-0.4990133642141358,0.20555408194386976,0.0497888025388087
0,3.06,0.8625958260944275,-0.4120726116351672,0.049234137270986994,-0.33714358829249835,-0.1550259479313767,-0.027891650802909673,5.424430727568391,5.423825387551823,0.6730125135097733,-0.49778098230154,0.2080571008469912,0.049234137270986994
0,3.08,0.855746580614285,-0.4149680886051259,0.04867327755484596,-0.3477607028525772,-0.13452075662273644,-0.028194320811193663,5.427640055512325,5.427061992789657,0.6613118653236519,-0.49605735065723894,0.21066638775634283,0.04867327755484596
0,3.1,0.8486861501081865,-0.41745211454800624,0.04810650082500875,-0.3582618644541901,-0.11388084570615646,-0.02848335217252762,5.430342898283777,5.429791143588607,0.6494480483301838,-0.4938441702975689,0.2133812723313507,0.04810650082500875
0,3.12,0.8414168774741055,-0.4195221976371292,0.04753407500808235,-0.3686447005727422,-0.0931264726484167,-0.028759229520112672,5.432536283880748,5.432009833570056,0.6374239897486899,-0.49114362536434436,0.21620066408833888,0.04753407500808235
0,3.14,0.8339411522167357,-0.4211762524550898,0.04695625816612664,-0.3789069227886476,-0.07227802087600402,-0.029022454675458498,5.434217741574078,5.433715560368418,0.6252426563357051,-0.48795838096937366,0.2191230587407516,0.04695625816612664
0,3.16,0.8262614087669887,-0.42241260231013505,0.046373298166589166,-0.38904632660810873,-0.051355979492877915,-0.029273545278288626,5.435385304725692,5.434906328615048,0.6129070536529765,-0.48429158056431554,0.22214654801706324,0.046373298166589166
0,3.18,0.8183801248068088,-0.4232299811456623,0.04578543238047017,-0.3990607911119332,-0.030380922874831726,-0.02951303333361066,5.436037513125572,5.435580652419603,0.600420225325884,-0.48014684283847153,0.22526883256831867,0.04578543238047017
0,3.2,0.8102998196026827,-0.4236275350405759,0.04519288741026811,-0.40894827843834725,-0.009373490161210876,-0.02974146368659536,5.436173414845075,5.435737557346448,0.5877852522924732,-0.4755282581475768,0.22848723755229594,0.04519288741026811
0,3.22,0.8020230523511016,-0.42360482329865906,0.04459587884904307,-0.41870683310648243,0.011645635335156557,-0.02995939243590895,5.4357925676043175,5.435376581884283,0.5750052520432783,-0.47044038447711267,0.2317987304699993,0.04459587884904307
0,3.24,0.7935524205390866,-0.42316181912553424,0.04399461107172472,-0.42833458118786427,0.03265574677889179,-0.03016738529592633,5.434895039653816,5.434497778409628,0.5620833778521305,-0.4648882429441256,0.23519994083142245,0.04399461107172472
0,3.2600000000000002,0.7848905583227409,-0.4222989098922033,0.04338927705958525,-0.43782972933380754,0.05363613450296846,-0.030366015918020572,5.433481410162895,5.433101713636983,0.5490228179981317,-0.45887731284199057,0.23868718123978566,0.04338927705958525
0,3.2800000000000002,0.7760401349266265,-0.42101689698458,0.04278005825859528,-0.4471905636671143,0.07456610671842884,-0.030555864180976666,5.431552769119978,5.431189468561648,0.5358267949789967,-0.4524135262330098,0.24225646950485952,0.04278005825859528
0,3.3000000000000003,0.7670038530665908,-0.41931699523884786,0.0421671244721841,-0.4564154485469083,0.09542501022200742,-0.030737514460141835,5.4291107167402055,5.428762637891066,0.5224985647159489,-0.44550326209418395,0.24590355142463763,0.0421671244721841
0,3.3200000000000003,0.7577844473984902,-0.4172008319628953,0.041550633788735566,-0.4655028252157816,0.11619225108062053,-0.030911553884711562,5.4261573623802875,5.425823328965433,0.5090414157503711,-0.4381533400219317,0.24962392390846905,0.041550633788735566
0,3.34,0.748384682995069,-0.41467044554450117,0.04093073254396706,-0.4744512103387073,0.13684731527173621,-0.03107857059213881,5.422695322960189,5.422374160167968,0.49545866843240777,-0.430371013501972,0.25341285815194675,0.04093073254396706
0,3.36,0.7388073538530622,-0.41172828364736186,0.040307555318163185,-0.48325919444337273,0.15736978925868525,-0.031239151988249336,5.418727720891697,5.418418258825589,0.4817536741017156,-0.42216396275100776,0.2572654226126436,0.040307555318163185
0,3.38,0.7290552814323957,-0.40837720099647096,0.03968122496806766,-0.4919254402717187,0.17773938048004118,-0.03139388302130319,5.414258181514107,5.4139592586012295,0.4679298142605734,-0.4135402871372809,0.26117650557467814,0.03968122496806766
0,3.4,0.7191313132291618,-0.4046204567547769,0.03905185269307721,-0.5004486810525276,0.19793593773228135,-0.031543344477741986,5.409290830037908,5.409001296379453,0.45399049973954686,-0.4045084971874738,0.2651408371278922,0.03905185269307721
0,3.42,0.709038321383849,-0.40046171149346116,0.0384195381352301,-0.5088277187048964,0.21793947142504802,-0.03168811130696936,5.403830287997654,5.4035490086475,0.4399391698559153,-0.3950775061878453,0.2691530104231176,0.0384195381352301
0,3.44,0.6987792013261129,-0.39590502375858916,0.037784369512339946,-0.5170614219823562,0.23773017368845473,-0.031828750982046294,5.397881669215623,5.397607527374255,0.4257792915650729,-0.3852566213878948,0.2732075020979186,0.037784369512339946
0,3.46,0.6883568704571758,-0.39095484623729887,0.03714642378349218,-0.5251487245672632,0.25728843831202475,-0.03196582190273034,5.39145057527837,5.39118247539026,0.4115143586051087,-0.37505553481522974,0.2772986917968742,0.03714642378349218
0,3.48,0.6777742668707568,-0.38561602152709556,0.036505766845997024,-0.5330886231248954,0.27659488049501557,-0.03209987184678509,5.384543090528751,5.3842799612720835,0.3971478906347806,-0.3644843137107058,0.2814208807366165,0.036505766845997024
0,3.5,0.6670343481132457,-0.37989377751222664,0.03586245376277799,-0.540880175326432,0.2956303563880618,-0.03223143647511861,5.377165776576372,5.376906573735155,0.3826834323650899,-0.35355339059327384,0.2855683092884344,0.03586245376277799
0,3.52,0.6561400899836519,-0.37379372235150865,0.035216529019069534,-0.5485224978497025,0.31437598240627274,-0.03236103789572686,5.3693256663299715,5.369069375539299,0.36812455268467814,-0.3422735529643445,0.2897351735703003,0.035216529019069534
0,3.54,0.6450944853736896,-0.36732183908237404,0.034568026807201634,-0.5560147643662353,0.3328131542941369,-0.032489183291063206,5.361030257555681,5.360775896911948,0.3534748437792574,-0.33065593266182614,0.29391564105590817,0.034568026807201634
0,3.56,0.6339005431481888,-0.36048447984629534,0.033916971338161704,-0.5633562035227492,0.35092356592282437,-0.032616363612929966,5.3522875059655695,5.352034128494253,0.3387379202452913,-0.3187119948743448,0.2981038652209157,0.033916971338161704
0,3.58,0.6225612870658667,-0.35328835974113115,0.03326337717854652,-0.5705460969248038,0.36868922780072966,-0.0327430523485881,5.343105817841399,5.342852513815945,0.32391741819814945,-0.30645352682648824,0.30229399925638745,0.03326337717854652
0,3.6,0.6110797547403424,-0.3457405503063175,0.032607249611447495,-0.5775837771298593,0.38609248527836965,-0.032869704361314867,5.333494042198975,5.333239941305149,0.3090169943749475,-0.2938926261462367,0.30648020888675903,0.032607249611447495
0,3.62,0.5994589966411383,-0.33784847264720375,0.03194858501975207,-0.5844686256565047,0.40311603642903937,-0.032996754808227724,5.323461462498933,5.323205735839868,0.29404032523230417,-0.28104168892606546,0.3106566843347775,0.03194858501975207
0,3.64,0.5877020751342824,-0.3296198902052009,0.03128737129029219,-0.5912000710160992,0.4197429495869315,-0.033124618137760464,5.3130177879103515,5.312759649848308,0.2789911060392291,-0.26791339748949816,0.31481765147920154,0.03128737129029219
0,3.66,0.5758120635620031,-0.3210629011807727,0.030623588237226763,-0.5977775867725315,0.43595668052474684,-0.033253687168782076,5.302173144133977,5.30191185396568,0.2638730499653728,-0.2545207078751856,0.3189573822527969,0.030623588237226763
0,3.68,0.5637920453609045,-0.31218593061665656,0.029957208043009637,-0.604200689635253,0.45174108925316037,-0.03338433225293036,5.290938063792409,5.290672927255489,0.24868988716485482,-0.24087683705085766,0.32307020432869415,0.029957208043009637
0,3.7,0.551645113217908,-0.3029977221490495,0.02928819571526643,-0.6104689375901763,0.4670804564248568,-0.03351690052139045,5.279323476395039,5.2790538470039925,0.23344536385590553,-0.22699524986977349,0.32715051014266094,0.02928819571526643
0,3.72,0.5393743682631613,-0.2935073294348374,0.028616509557883387,-0.6165819280724609,0.4819594993262229,-0.03365171521691357,5.267340697885956,5.26706597809667,0.21814324139654231,-0.2128896457825361,0.3311927652975838,0.028616509557883387
0,3.74,0.5269829192990444,-0.2837241072632796,0.027942101654598685,-0.6225392961846399,0.49636338744016156,-0.0337890751115566,5.255001419783654,5.2547210619862845,0.20278729535651233,-0.19857394531739017,0.33519151639458133,0.027942101654598685
0,3.7600000000000002,0.5144738820643323,-0.2736577023608878,0.027264918363380707,-0.628340712962969,0.5102777575638965,-0.03392925401024138,5.242317697921683,5.242031205262313,0.18738131458572457,-0.18406227634233893,0.33914139833289714,0.027264918363380707
0,3.7800000000000002,0.5018503785325287,-0.2633180438985569,0.026584900819879027,-0.6339858836943207,0.5236887284660462,-0.03407250033992648,5.229301940799975,5.22900886783224,0.17192910027940958,-0.1693689601226457,0.3430371411181379,0.026584900819879027
0,3.8000000000000003,0.48911553624333975,-0.25271533371031496,0.02590198544824182,-0.6394745462853924,0.5365829150676784,-0.03421903682379401,5.215966897556991,5.215666850725354,0.15643446504023098,-0.15450849718747384,0.3468735762157042,0.02590198544824182
0,3.8200000000000003,0.47627248766622926,-0.24186003623336158,0.025216104477607755,-0.6448064696854603,0.5489474421324968,-0.034369060239612725,5.202325645573313,5.20201828353046,0.14090123193758242,-0.1394955530196144,0.35064564248344365,0.025216104477607755
0,3.84,0.4633243695949753,-0.23076286817935568,0.024527186462601235,-0.6499814523633943,0.5607699574517742,-0.03452274126103916,5.188391577717772,5.188076611479001,0.12533323356430454,-0.12434494358242767,0.3543483917147372,0.024527186462601235
0,3.86,0.45027432257214134,-0.21943478794719698,0.0238351568061866,-0.6549993208391452,0.5720386445101144,-0.034680224380424285,5.1741783892476105,5.173855582185904,0.10973431109104564,-0.10907162069827166,0.35797699382049547,0.0238351568061866
0,3.88,0.4371254903423734,-0.207886984787819,0.02313993828326958,-0.6598599282694481,0.58274223461862,-0.03484162791127776,5.159700064374736,5.159369232060495,0.09410831331851435,-0.09369065729286234,0.36152674167584453,0.02313993828326958
0,3.9,0.42388101933344546,-0.19613086773177468,0.02244145156347282,-0.6645631530870343,0.592870018502536,-0.03500704406839805,5.144970862510425,5.144631872400663,0.07845909572784507,-0.07821723252011556,0.3649930556547912,0.02244145156347282
0,3.92,0.41054405816399364,-0.18417805429064907,0.021739615731556052,-0.6691088976922306,0.6024118573309674,-0.03517653912327878,5.130005304201409,5.129658075183474,0.06279051952931358,-0.06266661678215232,0.3683714878737539,0.021739615731556052
0,3.94,0.3971177571769055,-0.1720403589435766,0.0210343488040008,-0.6734970871954381,0.6113581931767876,-0.03535015363224625,5.114818156770589,5.114462658566195,0.04710645070964296,-0.047054156659257454,0.3716577261626303,0.0210343488040008
0,3.96,0.38360526799736516,-0.1597297814203724,0.020325568240333904,-0.6777276682086345,0.619700058895409,-0.035527902734443284,5.099424419676167,5.099060672111811,0.031410759078128236,-0.03139525976465663,0.37484759778003623,0.020325568240333904
0,3.98,0.37000974311459467,-0.1472584947930078,0.01961319144782326,-0.6818006076837296,0.627429087411638,-0.035709776516620995,5.083839309603265,5.083467381753737,0.01570731731182071,-0.01570537953906418,0.3779370728874683,0.01961319144782326
0,4.0,0.35633433548637855,-0.1346388333873711,0.018897136278243198,-0.6857158917953279,0.6345375204044145,-0.035895740441385104,5.068078245302641,5.067698254514623,1.2246467991473532e-16,-1.2246467991473532e-16,0.3809222677954534,0.018897136278243198
0,4.0200000000000005,0.3425821981655099,-0.12188328052745137,0.0181773215154754,-0.6894735248652138,0.6410182163798168,-0.03608573583539432,5.0521568321913985,5.051768942994689,-0.015707317311820908,0.01570537953906438,0.38379944799319304,0.0181773215154754
0,4.04,0.3287564839473518,-0.10900445612427043,0.017453667352783964,-0.6930735283256829,0.6468646581233148,-0.036279680433749295,5.036090846731033,5.035695269645213,-0.031410759078127994,0.03139525976465639,0.38656503097184874,0.017453667352783964
0,4.0600000000000005,0.31486034503776744,-0.09601510412206214,0.01672609585867988,-0.6965159397186791,0.6520709595228621,-0.03647746897665893,5.0198962205985085,5.019493210843308,-0.047106450709642714,0.04705415665925721,0.389215588850396,0.01672609585867988
0,4.08,0.3008969327407334,-0.08292807981436007,0.0159945314303707,-0.6998008117275913,0.6566318717550437,-0.03667897385425922,5.003589024666381,5.003178880784318,-0.06279051952931335,0.06266661678215209,0.3917478508118557,0.0159945314303707
0,4.1,0.28686939716501597,-0.06975633704280366,0.0152589012338752,-0.7029282112384834,0.6605427888271301,-0.03688404579529081,4.987185452808436,4.986768515208548,-0.07845909572784437,0.07821723252011487,0.39415870535681513,0.0152589012338752
0,4.12,0.27278088694935293,-0.05651291529161016,0.014519135629969945,-0.7058982184274994,0.6637997524685365,-0.03709251459523477,4.970701805547439,4.970278454979313,-0.0941083133185141,0.0936906572928621,0.3964452023802708,0.014519135629969945
0,4.14,0.258634549005651,-0.04321092669078215,0.013775168585224623,-0.7087109258712001,0.666399456365842,-0.0373041898792974,4.954154473562144,4.953725129529546,-0.10973431109104496,0.10907162069827098,0.3986045550771321,0.013775168585224623
0,4.16,0.24443352827977127,-0.029863542941231662,0.013026938067475683,-0.7113664376766252,0.6683392497361953,-0.03751886189559661,4.937559921070766,4.937125040194474,-0.12533323356430429,0.12434494358242744,0.4006341416811238,0.013026938067475683
0,4.18,0.23018096752953948,-0.01648398217509772,0.012274386425182294,-0.713864868627973,0.6696171402346087,-0.037736302333742255,4.920934669108571,4.920494743448101,-0.1409012319375822,0.13949555301961417,0.40253150704126883,0.012274386425182294
0,4.2,0.21588000711967908,-0.0030854957646178436,0.011517460750205098,-0.7162063433469077,0.6702317961913317,-0.03795626516397732,4.904295278717355,4.903850834061423,-0.15643446504023073,0.1545084971874736,0.4042943640397379,0.011517460750205098
0,4.22,0.20153378483342255,0.010318644907017095,0.01075611322364589,-0.7183909954636678,0.6701825481761913,-0.038178487491943525,4.887658334064886,4.887209928200462,-0.17192910027940933,0.1693689601226455,0.4059205948544506,0.01075611322364589
0,4.24,0.18714543570061135,0.02371516169933993,0.009990301444484897,-0.7204189667963475,0.6694693898874908,-0.03840269042415567,4.871040425512548,4.870588646482407,-0.18738131458572477,0.1840622763423391,0.40740825206956555,0.009990301444484897
0,4.26,0.1727180918421455,0.03709078297929036,0.009219988740851079,-0.7222904065359498,0.6680929783637695,-0.03862857993922608,4.8544581326496195,4.85400359700821,-0.2027872953565121,0.19857394531738995,0.40875555963671834,0.009219988740851079
0,4.28,0.15825488233068896,0.050432256883351706,0.008445144463859508,-0.7240054704350691,0.6660546335174415,-0.038855847759931006,4.837928007312732,4.83747135839012,-0.2181432413965425,0.21288964578253627,0.40996091368973353,0.008445144463859508
0,4.3,0.1437589330675767,0.06372636456357628,0.0076657442640478265,-0.7255643199983552,0.6633563369900605,-0.03908417222123717,4.821466556609235,4.821008462792654,-0.23344536385590528,0.2269952498697733,0.41102288321535885,0.0076657442640478265
0,4.32,0.12923336667590404,0.07695993340393661,0.006881770350540177,-0.7269671216732172,0.6600007303296744,-0.03931321912952779,4.80509022596321,4.804631379005608,-0.24868988716485502,0.24087683705085783,0.4119402105825321,0.006881770350540177
0,4.34,0.11468130240980548,0.09011985019345645,0.0060932117331616124,-0.7282140460395714,0.655991112491476,-0.03954264260832874,4.788815382203016,4.788356495567616,-0.2638730499653726,0.2545207078751854,0.41271181193258644,0.0060932117331616124
0,4.36,0.10010585607995102,0.10319307424260657,0.005300064447818034,-0.7293052669977934,0.6513314366636777,-0.0397720859260291,4.772658296709245,4.772200103958784,-0.2789911060392293,0.26791339748949833,0.4133367774328238,0.005300064447818034
0,4.38,0.08551013999530103,0.11616665042949699,0.004502331765545146,-0.7302409609544104,0.6460263064212811,-0.0400011823012596,4.75663512864192,4.756178381880909,-0.2940403252323039,0.28104168892606524,0.41381437139584243,0.004502331765545146
0,4.4,0.07089726292116585,0.12902772216245706,0.0037000243857148994,-0.7310213060054667,0.6400809712111419,-0.04022955568176512,4.74076190826588,4.740307376643555,-0.30901699437494773,0.2938926261462368,0.4141440322670828,0.0037000243857148994
0,4.42,0.056270330053613954,0.14176354424567114,0.0028931606139679707,-0.7316464811178964,0.6335013211724654,-0.04045682149292773,4.725054520393054,4.724602988674269,-0.3239174181981492,0.3064535268264881,0.41432537248304724,0.0028931606139679707
0,4.44,0.04163244301026148,0.15436149563462684,0.002081766525515489,-0.7321166653096529,0.6262938812975998,-0.04068258735232044,4.7095286879589935,4.709080955169568,-0.3387379202452915,0.31871199487434493,0.4143581782027548,0.002081766525515489
0,4.46,0.026986699837456805,0.1668090920682374,0.0012658761145219505,-0.7324320368297651,0.6184658049386674,-0.04090645374703339,4.69419995576079,4.693756833913319,-0.35347484377925714,0.33065593266182597,0.41424240891501385,0.0012658761145219505
0,4.48,0.012336195033846278,0.1790939985646211,0.0004455314303439301,-0.7325927723399137,0.610024866666643,-0.04112801467076865,4.67908367435285,4.678645987257669,-0.3681245526846783,0.34227355296434464,0.41397819692422344,0.0004455314303439301
0,4.5,-0.0023159804097289786,0.19120404176765077,-0.0003792172985473502,-0.7325990460995428,0.60097945448932,-0.04134685821835937,4.664194984148722,4.663763566314759,-0.38268343236508967,0.3535533905932737,0.4135658467174453,0.0003792172985473502
0,4.5200000000000005,-0.016966738954099635,0.2031272221315353,-0.0012083115520843519,-0.7324510291569445,0.5913385614365335,-0.04156256713534079,4.649548799724013,4.6491244953525115,-0.3971478906347808,0.36448431371070594,0.4130058342156173,0.0012083115520843519
0,4.54,-0.03161299643954556,0.21485172593085938,-0.0020416844166486732,-0.7321488885491648,0.5811117765207767,-0.041774719321091336,4.635159794347534,4.634743456421161,-0.4115143586051085,0.3750555348152296,0.41229880591181683,0.0020416844166486732
0,4.5600000000000005,-0.046251671997692465,0.2263659370836815,-0.0028792604927023674,-0.7316927865139885,0.5703092750824291,-0.0419828882842781,4.621042384756612,4.620634874225254,-0.42577929156507266,0.3852566213878946,0.41144557789960895,0.0028792604927023674
0,4.58,-0.060879687947805336,0.237658448775481,-0.0037209558110447224,-0.7310828797176476,0.5589418085294336,-0.04218664354995738,4.607210716193674,4.606812901257305,-0.4399391698559151,0.39507750618784515,0.41044713479453326,0.0037209558110447224
0,4.6000000000000005,-0.07549396967783281,0.24871807487194827,-0.004566677756725718,-0.7303193185022807,0.5470206934819367,-0.04238555101814212,4.593678647721032,4.5932914032087995,-0.4539904997395471,0.4045084971874739,0.409304628551899,0.004566677756725718
0,4.62,-0.0900914455106409,0.2595338611088289,-0.005416324999649723,-0.7294022461575261,0.5345578003330667,-0.04257917327425842,4.580459737830308,4.580083944673934,-0.4679298142605732,0.4135402871372808,0.4080193771840583,0.005416324999649723
0,4.64,-0.10466904655596539,0.2700950960472632,-0.006269787430916764,-0.7283317982209744,0.5215655412376785,-0.042767069852445605,4.567567230362598,4.567203775161043,-0.481753674101715,0.42216396275100737,0.40659286338040646,0.006269787430916764
0,4.66,-0.11922370654871023,0.2803913217833043,-0.00712694610397345,-0.7271081018125188,0.5080568575415276,-0.042948797453223,4.555014040755143,4.554663815426252,-0.49545866843240755,0.4303710135019718,0.4050267330333317,0.00712694610397345
0,4.68,-0.13375236167432247,0.29041234440055563,-0.007987673179682363,-0.7257312750079351,0.49404520666395985,-0.04312391011766836,4.542812742629675,4.542476644143441,-0.5090414157503709,0.43815334002193157,0.40332279367336854,0.007987673179682363
0,4.7,-0.1482519503820841,0.30014824415513347,-0.008851831874466897,-0.7242014262572822,0.47954454844780947,-0.043291959360785004,4.530975554737383,4.530654484924215,-0.5224985647159488,0.4455032620941839,0.40148301281675935,0.008851831874466897
0,4.72,-0.1627194131872749,0.30958938538244246,-0.009719276410748438,-0.7225186538539512,0.46456933099079145,-0.04345249426736908,4.519514328274801,4.519209193701077,-0.5358267949789964,0.4524135262330097,0.3995095162285576,0.009719276410748438
0,4.74,-0.17715169246327925,0.3187264261155425,-0.010589851968964437,-0.7206830454603856,0.44913447597324485,-0.04360506155423094,4.50844053458456,4.508152246486666,-0.5490228179981318,0.4588773128419906,0.39740458610434753,0.010589851968964437
0,4.76,-0.19154573222483212,0.32755032740518797,-0.011463394640538527,-0.7186946776966664,0.4332553634976454,-0.043749205603178076,4.497765253254422,4.497494727521303,-0.5620833778521303,0.46488824294412556,0.3951706591734785,0.011463394640538527
0,4.78,-0.20589847790372406,0.3360523623319341,-0.012339731381267682,-0.7165536157982806,0.4169478164558428,-0.04388446846973748,4.487499160627544,4.48724731782091,-0.5750052520432785,0.4704403844771127,0.3928103247265798,0.012339731381267682
0,4.8,-0.22020687611841322,0.34422412470103025,-0.0132186799646956,-0.7142599133494899,0.4002280844405032,-0.04401038987305439,4.477652518736389,4.477420284136645,-0.587785252292473,0.47552825814757677,0.3903263225698558,0.0132186799646956
0,4.82,-0.23446787443912068,0.3520575374111536,-0.014100048935155407,-0.711813612098764,0.3831128272177375,-0.04412650717292621,4.46823516467229,4.468023468337462,-0.6004202253258842,0.4801468428384716,0.3877215409084227,0.014100048935155407
0,4.84,-0.24867842115011507,0.3595448604883816,-0.014983637560288072,-0.709214741862759,0.36561909777838736,-0.04423235534034031,4.459256500402024,4.459066277226177,-0.6129070536529763,0.4842915805643155,0.38499901416056603,0.014983637560288072
0,4.86,-0.262835465011022,0.3666786987771559,-0.01586923578297411,-0.7064633205252911,0.34776432498590226,-0.044327466928263615,4.45072548304246,4.4505576727993805,-0.6252426563357052,0.4879583809693737,0.3821619207044193,0.01586923578297411
0,4.88,-0.27693595501912166,0.3734520092803538,-0.01675662417275478,-0.7035593541376862,0.3295662958391947,-0.044411372049803166,4.442650615603644,4.442506162961065,-0.6374239897486896,0.4911436253643443,0.37921358055803805,0.01675662417275478
0,4.9,-0.2909768401747252,0.3798581081409535,-0.01764557387696374,-0.700502837126767,0.3110431373692879,-0.044483598371092725,4.435039938210333,4.434919792699518,-0.6494480483301839,0.4938441702975689,0.37615745299329906,0.01764557387696374
0,4.92,-0.30495506925184335,0.38589067725816306,-0.018535846571939667,-0.6972937526165843,0.292213298188982,-0.04454367112650015,4.4279010198118725,4.427806135737087,-0.6613118653236517,0.4960573506572389,0.37299713408333723,0.018535846571939667
0,4.94,-0.31886759057648184,0.39154377053126876,-0.0194271944148436,-0.6939320728697924,0.2730955297151759,-0.04459111316389297,4.421240950386895,4.421172286659134,-0.6730125135097734,0.49778098230154,0.36973635418247486,0.0194271944148436
0,4.96,-0.3327113518150127,0.39681181972485496,-0.02031935999676026,-0.6904177598543191,0.2537088670837526,-0.044625445027773214,4.415066333657863,4.415024853537298,-0.6845471059286887,0.4990133642141358,0.3663789753366499,0.02031935999676026
0,4.98,-0.3464832997751814,0.4016896399494525,-0.02121207629791855,-0.6867507659406851,0.23407260977755479,-0.044646185088055734,4.4093832803145885,4.409369951046225,-0.6959127965923146,0.4997532801828658,0.3629289886213325,0.02121207629791855
0,5.0,-0.3601803802224134,0.4061724347520823,-0.022105066646021486,-0.6829310347349913,0.21420630198795235,-0.0446528497222376,4.404197401761318,4.404213194088782,-0.7071067811865475,0.5,0.35939051140267936,0.022105066646021486
0,5.0200000000000005,-0.3737995377141801,0.4102558008115768,-0.02299804467882892,-0.6789585020522004,0.1941297127311044,-0.04464495355850584,4.399513804391612,4.39955969193452,-0.7181262977631889,0.49975328018286574,0.35576778451633584,0.02299804467882892
0,5.04,-0.38733771545527246,0.41393573223398616,-0.023890714312284494,-0.6748330970339133,0.17386281574019954,-0.04462200978705155,4.395337084398306,4.39541404287924,-0.7289686274214113,0.4990133642141358,0.3520651693567052,0.023890714312284494
0,5.0600000000000005,-0.40079185517690946,0.4172086244438048,-0.02478276971562085,-0.6705547434143608,0.15342576915526035,-0.04458353054658426,4.391671323124794,4.391780329432845,-0.7396310949786097,0.49778098230154,0.3482871448677787,0.02478276971562085
0,5.08,-0.4141588970426794,0.42007127766718777,-0.02567389529501228,-0.6661233609378164,0.13283889503236032,-0.04452902739255871,4.388520082963509,4.3886621140423205,-0.7501110696304595,0.49605735065723894,0.34443830442460804,0.02567389529501228
0,5.1000000000000005,-0.4274357795843684,0.42252090000376646,-0.026563765687469397,-0.6615388669300668,0.11212265869434257,-0.04445801185315279,4.38588640380858,4.386062435357954,-0.7604059656000312,0.49384417029756883,0.34052335259231176,0.026563765687469397
0,5.12,-0.44061943967077877,0.42455511008411706,-0.02745204576678558,-0.6568011780259757,0.0912976479454157,-0.04436999607846559,4.383772800061224,4.383983805043051,-0.7705132427757894,0.4911436253643443,0.3365471017470104,0.02745204576678558
0,5.14,-0.4537068125126735,0.4261719393103831,-0.028338390663445758,-0.6519102120545339,0.07038455217195334,-0.044264493587552245,4.382181258200303,4.382428205140471,-0.7804304073383292,0.4879583809693739,0.33251446854036165,0.028338390663445758
0,5.16,-0.46669483170700454,0.42736983367800385,-0.029222445800495964,-0.6468658900820983,0.049404141352310665,-0.044141020117468344,4.381113234922642,4.381397086002479,-0.7901550123756904,0.48429158056431554,0.32843047018632154,0.029222445800495964
0,5.18,-0.4795804293235894,0.42814765517695946,-0.03010384694744615,-0.6416681386137965,0.028377244998654926,-0.043999094577550135,4.380569655847671,4.380891364780704,-0.7996846584870905,0.48014684283847153,0.3243002205454328,0.03010384694744615
0,5.2,-0.492360536037392,0.4285046827714006,-0.030982220294331984,-0.6363168919523289,0.007324731053592777,-0.04383824011103332,4.380550914796623,4.380911424487763,-0.8090169943749473,0.4755282581475768,0.32012892597833587,0.030982220294331984
0,5.22,-0.5050320813095412,0.4284406129569904,-0.03185718254809695,-0.6308120947125997,-0.01373251523523867,-0.04365798526546305,4.381056873647051,4.381457113633535,-0.8181497174250233,0.47044038447711284,0.315921880936237,0.03185718254809695
0,5.24,-0.5175919936201812,0.4279555598957501,-0.03272834105347379,-0.6251537044897912,-0.03477361243943131,-0.04345786527222106,4.382086862764624,4.3825277464401795,-0.8270805742745616,0.46488824294412584,0.31168446325188354,0.03272834105347379
0,5.26,-0.5300372007561897,0.4270500551286639,-0.033595293940540435,-0.6193416946776475,-0.05577770404967357,-0.04323742343444348,4.383639682013636,4.384122103639534,-0.83580736136827,0.45887731284199074,0.30742212909009653,0.033595293940540435
0,5.28,-0.5423646301567299,0.4257250468667629,-0.034457630301099815,-0.6133760574328622,-0.07672397952795385,-0.04299621262149467,4.385713602347052,4.386238433855948,-0.8443279255020153,0.4524135262330096,0.30314040751220656,0.034457630301099815
0,5.3,-0.5545712093195079,0.42398189886187576,-0.035314930395985225,-0.6072568067805713,-0.09759169528882733,-0.0427337968670467,4.3883063679762655,4.388874455576957,-0.8526401643540918,0.4455032620941842,0.29884489460384933,0.035314930395985225
0,5.32,-0.5666538662705002,0.4218223888586961,-0.0361667658953227,-0.6009839818550469,-0.11836019558650773,-0.04244975306670096,4.391415199119947,4.392027359713652,-0.8607420270039438,0.4381533400219317,0.2945412471106139,0.0361667658953227
0,5.34,-0.5786095300997877,0.4192487066302821,-0.03701270015368819,-0.5945576502687626,-0.13900893328461192,-0.042143672769848095,4.395036795330765,4.395693812751677,-0.8686315144381913,0.43037101350197177,0.29023517552104755,0.03701270015368819
0,5.36,-0.5904351315659874,0.41626345159956657,-0.03785228852198059,-0.5879779116020774,-0.15951749048548808,-0.04181516405939201,4.399167339397913,4.3998699604931675,-0.8763066800438636,0.42216396275100754,0.2859324365317566,0.03785228852198059
0,5.38,-0.6021276037716081,0.4128696300499153,-0.03868507869769215,-0.5812449010048508,-0.17986559899619714,-0.041463853511764626,4.4038025018224545,4.404551432388902,-0.8837656300886934,0.41354028713728097,0.2816388248248313,0.03868507869769215
0,5.4,-0.6136838829114737,0.4090706519282273,-0.039510611115095205,-0.5743587929003775,-0.20003316060839876,-0.0410893882285408,4.408937445861775,4.4097333464591,-0.8910065241883678,0.40450849718747384,0.27736016408394243,0.039510611115095205
0,5.42,-0.6251009090961552,0.4048703272445256,-0.0403284193766794,-0.5673198047811063,-0.22000026716961224,-0.040691437929878393,4.4145668331383305,4.4154103148001855,-0.8980275757606155,0.3950775061878453,0.27310229717236284,0.0403284193766794
0,5.44,-0.6363756272521359,0.40027286207243284,-0.04113803072696769,-0.5601282010847073,-0.2397472204235879,-0.040269697098950896,4.4206848298070485,4.421576449673833,-0.9048270524660198,0.3852566213878943,0.26887107539425187,0.04113803072696769
0,5.46,-0.6475049881001912,0.3952828541553699,-0.04193896656961279,-0.5527842971381611,-0.2592545515978316,-0.039823887165558514,4.427285113274573,4.428225370173397,-0.9114032766354451,0.3750555348152301,0.26467234676014817,0.04193896656961279
0,5.48,-0.6584859492132152,0.38990528812374997,-0.042730743028429836,-0.5452884631566914,-0.2785030407166795,-0.03935375871614655,4.434360879462584,4.435350209461606,-0.9177546256839813,0.3644843137107055,0.26051194317921667,0.042730743028429836
0,5.5,-0.6693154761544504,0.38414553032887006,-0.04351287155275766,-0.5376411282835319,-0.2974737356187194,-0.03885909371663576,4.441904850606274,4.442943622572139,-0.9238795325112865,0.35355339059327423,0.25639566650481566,0.04351287155275766
0,5.5200000000000005,-0.6799905436967898,0.3780093232996201,-0.04428485956726105,-0.5298427846557383,-0.31614797065780614,-0.03833970773370332,4.449909283577902,4.450997794766398,-0.9297764858882515,0.3422735529643442,0.252329273367027,0.04428485956726105
0,5.54,-0.6905081371235184,0.3715027798285406,-0.045046211165992646,-0.5218939914805146,-0.3345073850674085,-0.037795452139455676,4.458365978724267,4.459504450435374,-0.9354440308298674,0.33065593266182586,0.2483184587363348,0.045046211165992646
0,5.5600000000000005,-0.7008652536105424,0.3646323766941596,-0.04579642785022622,-0.513795379105842,-0.35253394096857527,-0.03722621628390188,4.467266289205641,4.468454862535116,-0.9408807689542255,0.3187119948743449,0.244368838177398,0.04579642785022622
0,5.58,-0.7110589036898239,0.3574049480269281,-0.046535009309256886,-0.5055476530685733,-0.37020994100239457,-0.036631929619164616,4.47660113082272,4.4778398625429245,-0.9460853588275453,0.3064535268264883,0.2404859287712027,0.046535009309256886
0,5.6000000000000005,-0.7210861127933981,0.3498276783264487,-0.04726145424303916,-0.4971515981026007,-0.3875180455684599,-0.03601256375906248,4.486360992316697,4.4876498509199125,-0.9510565162951535,0.2938926261462367,0.23667512870845397,0.04726145424303916
0,5.62,-0.7309439228769941,0.34190809513805526,-0.04797526122520433,-0.48860808208922424,-0.4044412896515402,-0.03536813445745457,4.496535946126667,4.4978748080641475,-0.95579301479833,0.2810416889260655,0.23294169558714112,0.04797526122520433
0,5.64,-0.740629394121923,0.33365406139715154,-0.048675929604666025,-0.4799180599314467,-0.420963099219378,-0.03469870348871451,4.507115659587243,4.508504305737187,-0.960293685676943,0.2679133974894986,0.22929072348306592,0.048675929604666025
0,5.66,-0.7501396067135238,0.32507376745004773,-0.049362960443690596,-0.47108257733360676,-0.43706730717530895,-0.03400438041374265,4.51808940654825,4.519527518945474,-0.964557418457798,0.25452070787518605,0.22572711890372632,0.049362960443690596
0,5.68,-0.7594716626940873,0.3161757227603547,-0.050035857489979324,-0.4621027744675431,-0.45273816885020096,-0.03328532421513053,4.529446079397279,4.530933238256586,-0.968583161128631,0.2408768370508581,0.22225557578299807,0.050035857489979324
0,5.7,-0.7686226878877985,0.30696874731029566,-0.0506941281799854,-0.4529798895063576,-0.4679603770190581,-0.032541744785477,4.541174201464836,4.542709882529179,-0.9723699203976767,0.22699524986977315,0.2188805497258804,0.0506941281799854
0,5.72,-0.7775898338948599,0.29746196270658,-0.051337284670373226,-0.44371526200682787,-0.48271907642850675,-0.031773904253305396,4.553261939791012,4.554845512034219,-0.9759167619387472,0.21288964578253697,0.2156062317680684,0.051337284670373226
0,5.74,-0.786370280151579,0.28766478300075,-0.0519648448942233,-0.43431033612160624,-0.49699987782228333,-0.03098211813170204,4.565697118231599,4.567327841943902,-0.9792228106217657,0.19857394531739023,0.2124365219727462,0.0519648448942233
0,5.76,-0.794961236052829,0.2775869052341607,-0.05257633363829583,-0.42476666362254206,-0.5107888714527714,-0.030166756275550544,4.578467230880981,4.580144256163738,-0.9822872507286887,0.184062276342339,0.2093750032446409,0.05257633363829583
0,5.78,-0.8033599431329217,0.2672382997179809,-0.053171283637393055,-0.4150859067167767,-0.5240726400675771,-0.02932824363417197,4.591559455788346,4.593281821482282,-0.9851093261547739,0.16936896012264577,0.20642491579664254,0.053171283637393055
0,5.8,-0.8115636773005663,0.25662920005881606,-0.05374923668160681,-0.4052698406376898,-0.5368382713610897,-0.028467060787203735,4.604960668943367,4.60672730201231,-0.9876883405951377,0.1545084971874739,0.20358913275409143,0.05374923668160681
0,5.82,-0.8195697511232373,0.2457700929407432,-0.05430974473200617,-0.3953203559933214,-0.5490733698819371,-0.027583744252732245,4.618657458506956,4.620467173896469,-0.9900236577165575,0.1394955530196149,0.20087013742309195,0.05430974473200617
0,5.84,-0.8273755161559329,0.23467170767472156,-0.05485237104011325,-0.3852394608555585,-0.5607660683882123,-0.026678886557975456,4.632636139262543,4.634487640250083,-0.9921147013144778,0.12434494358242774,0.1982700027784788,0.05485237104011325
0,5.86,-0.8349783653089787,0.22334500552649517,-0.05537669126633506,-0.37502928257415596,-0.5719050386433061,-0.02575313606420515,4.646882767263152,4.648774646313329,-0.9939609554551797,0.10907162069827084,0.19579037374113767,0.05537669126633506
0,5.88,-0.842375735249221,0.21180116883423653,-0.05588229459236828,-0.3646920693005567,-0.5824795016461319,-0.024807196539117005,4.661383154649465,4.663313894784932,-0.99556196460308,0.09369065729286284,0.19343245281032354,0.05588229459236828
0,5.9,-0.8495651088286642,0.20005158992729682,-0.05636878482247328,-0.35423019120748644,-0.5924792372904614,-0.02384182647138333,4.676122884614374,4.678090861309473,-0.996917333733128,0.07821723252011517,0.1911969895921914,0.05636878482247328
0,5.92,-0.8565440175343371,0.1881078598575234,-0.05683578146842545,-0.3436461413914163,-0.601894593449,-0.022857838123834018,4.691087326489672,4.693090810090537,-0.9980267284282716,0.06266661678215195,0.18908427471947814,0.05683578146842545
0,5.94,-0.8633100439529272,0.17598175695468463,-0.05728292081289781,-0.3329425364462082,-0.6107164944787143,-0.021856096323401797,4.706261650931036,4.708298809602389,-0.99888987496197,0.04705415665925707,0.1870941385890486,0.05728292081289781
0,5.96,-0.869860824243501,0.16368523521760298,-0.05770985694600908,-0.3221221166975818,-0.618936449144771,-0.02083751698772529,4.721630845178013,4.723699748373249,-0.9995065603657316,0.031395259764656694,0.18522595525470018,0.05770985694600908
0,5.98,-0.8761940506114343,0.15123041255264233,-0.05811626276978741,-0.3111877460894539,-0.6265465579612537,-0.019803065390107566,4.737179728366416,4.739278350813967,-0.9998766324816606,0.01570537953906424,0.1834786517048146,0.05811626276978741
0,6.0,-0.8823074737765153,0.13862955887122394,-0.05850183096535181,-0.3001424117147015,-0.6335395199475955,-0.018753754166332293,4.752892966871433,4.75501919306673,-1.0,1.8369701987210297e-16,0.18185072263176666,0.05850183096535181
0,6.0200000000000005,-0.8881989054280467,0.12589508405806024,-0.05886627491770197,-0.2889892229844747,-0.6399086388003753,-0.0176906410686839,4.7687550896605915,4.77090671884948,-0.9998766324816606,-0.01570537953906476,0.18034025066740425,0.05886627491770197
0,6.04,-0.8938662206596737,0.11303952582179533,-0.05920932959313121,-0.27773141043182714,-0.6456478284807953,-0.01661482647423984,4.784750503636934,4.78692525527267,-0.9995065603657316,-0.031395259764656326,0.17894493192212954,0.05920932959313121
0,6.0600000000000005,-0.8993073603765968,0.10007553743972916,-0.05953075236443733,-0.26637232414713286,-0.6507516182187679,-0.015527450656371844,4.800863508953793,4.803059028606464,-0.9988898749619699,-0.04705415665925759,0.177662106530367,0.05953075236443733
0,6.08,-0.9045203336677953,0.08701587540827779,-0.05983032377930141,-0.25491543184450344,-0.655215156935093,-0.014429690830036535,4.817078314283852,4.819292179977698,-0.9980267284282716,-0.06266661678215159,0.17648879377864188,0.05983032377930141
0,6.1000000000000005,-0.9095032201358886,0.07387338701078794,-0.06010784826743291,-0.24336431656019994,-0.6590342170837019,-0.01332275798311322,4.833379052026513,4.835608780977428,-0.996917333733128,-0.07821723252011568,0.175421731280036,0.06010784826743291
0,6.12,-0.9142541721773018,0.060660997814279825,-0.0603631547823406,-0.2317226739858395,-0.6622051979163799,-0.012207893507655498,4.849749793438893,4.851992849161444,-0.99556196460308,-0.09369065729286248,0.17445741756505412,0.0603631547823406
0,6.140000000000001,-0.9187714172054744,0.04739169910664062,-0.060596097373880956,-0.21999430944101112,-0.6647251281727566,-0.011086365646379992,4.86617456367721,4.8684283634277055,-0.9939609554551797,-0.10907162069827135,0.1735921573878787,0.060596097373880956
0,6.16,-0.9230532598099636,0.03407853528573162,-0.060806555688056076,-0.20818313449172984,-0.666591668198669,-0.009959465771132159,4.882637356736714,4.884899279256363,-0.9921147013144779,-0.12434494358242738,0.1728221090004733,0.060806555688056076
0,6.18,-0.9270980838444376,0.020734591211807662,-0.06099443539088047,-0.1962931632229587,-0.6678031114962624,-0.008828504511307678,4.899122150279717,4.901389543799599,-0.9900236577165575,-0.13949555301961453,0.17214333262591955,0.06099443539088047
0,6.2,-0.9309043544367404,0.0073729795345780814,-0.061159668513507216,-0.18432850817520088,-0.6683583857094012,-0.00769480775136655,4.915612920342721,4.917883110810247,-0.9876883405951378,-0.15450849718747353,0.1715518393656833,0.061159668513507216
0,6.22,-0.9344706199144222,-0.005993171993834683,-0.061302213716196916,-0.17229337595689992,-0.6682570530481127,-0.006559712517603344,4.932093655914906,4.9343639553998635,-0.985109326154774,-0.16936896012264543,0.17104363980109494,0.061302213716196916
0,6.24,-0.9377955136393866,-0.019350733208857968,-0.061422056469124194,-0.16019206254606766,-0.6674993101558914,-0.005424562775124375,4.948548373381617,4.950816088618349,-0.9822872507286887,-0.18406227634233863,0.1706147915939179,0.061422056469124194
0,6.26,-0.9408777557455857,-0.03268658421524968,-0.06151920914844302,-0.14802894829617946,-0.6660859874237556,-0.004290705156758445,4.964961130827733,4.967223571849009,-0.9792228106217659,-0.1985739453173899,0.1702614454504869,0.06151920914844302
0,6.28,-0.9437161547740138,-0.045987628049671395,-0.061593711046471815,-0.13580849266291942,-0.6640185477549646,-0.0031594846461207027,4.9813160421968545,4.983570531014199,-0.9759167619387473,-0.21288964578253664,0.16997988888418283,0.061593711046471815
0,6.3,-0.9463096091995953,-0.059240803313106195,-0.06164562829530751,-0.12353522866981567,-0.6612990847842983,-0.0020322402374484128,4.997597291303383,4.999841170588299,-0.9723699203976768,-0.22699524986977282,0.1697665872875884,0.06164562829530751
0,6.32,-0.9486571088449368,-0.07243309676225117,-0.061675053703631896,-0.11121375713216611,-0.6579303205557572,-0.0009103005949904208,5.013789145695516,5.016019787415813,-0.9685831611286311,-0.24087683705085777,0.16961822190445242,0.061675053703631896
0,6.34,-0.9507577361763162,-0.08555155584909122,-0.06168210650693022,-0.09884874065990752,-0.6539156026624818,0.00020502026515778482,5.029875970367926,5.032090784333757,-0.9645574184577981,-0.2545207078751857,0.16953172436888406,0.06168210650693022
0,6.36,-0.9526106674777018,-0.09858330119793582,-0.06166693203179791,-0.08644489746121897,-0.6492589008526142,0.0013124272480733445,5.045842241323628,5.048038683598428,-0.9602936856769431,-0.2679133974894983,0.1695043075522262,0.06166693203179791
0,6.38,-0.9542151738990465,-0.11151553900927395,-0.061629701275462447,-0.07400699496966336,-0.6439648031047347,0.002410648385473113,5.061672558985146,5.063848140117459,-0.9557930147983301,-0.2810416889260652,0.16953349252437944,0.061629701275462447
0,6.4,-0.9555706223755612,-0.12433557337987428,-0.06157061040209142,-0.061539843318553555,-0.6380385111764266,0.003498438951629712,5.077351661455408,5.079503954489003,-0.9510565162951536,-0.2938926261462364,0.16961713149478763,0.06157061040209142
0,6.42,-0.9566764764151585,-0.13703081852862767,-0.06148988015789085,-0.049048288686974514,-0.6314858356294293,0.004574585468427372,5.092864437629008,5.094991085850047,-0.9460853588275454,-0.306453526826488,0.16975342664799592,0.06148988015789085
0,6.44,-0.9575322967517472,-0.14958881091769782,-0.061387755207417107,-0.036537206542496405,-0.6243131903347807,0.0056379095789469424,5.1081959401556345,5.110294664537726,-0.9408807689542253,-0.31871199487434526,0.1699409448297427,0.061387755207417107
0,6.46,-0.9581377418625691,-0.16199722125861266,-0.06126450339392771,-0.02401149480606821,-0.616527586461249,0.00668727176999262,5.123331398254314,5.125400004563903,-0.9354440308298675,-0.3306559326618256,0.17017862807246986,0.06126450339392771
0,6.48,-0.9584925683482771,-0.17424386639299563,-0.061120414926979914,-0.011476066964895778,-0.6081366259504203,0.007721574924786978,5.1382562303821775,5.140292615909734,-0.9297764858882512,-0.3422735529643446,0.1704657999750002,0.061120414926979914
0,6.5,-0.9585966311749773,-0.18631672103770244,-0.06095580150084639,0.001064154840742208,-0.5991484944816675,0.008739767688565436,5.152956056756067,5.154958216640538,-0.9238795325112866,-0.35355339059327395,0.17080216797120537,0.06095580150084639
0,6.5200000000000005,-0.9584498837779709,-0.1982039293841938,-0.06077099534765273,0.013604246730773413,-0.5895719539303521,0.009740847630800964,5.167416711727939,5.16938274484489,-0.9177546256839811,-0.3644843137107059,0.17118782153853412,0.06077099534765273
0,6.54,-0.9580523780274559,-0.20989381654204242,-0.06056634822945195,0.02613928997288456,-0.579416334322629,0.010723864189276622,5.181624256013493,5.183552370400395,-0.9114032766354452,-0.3750555348152298,0.17162322641074493,0.06056634822945195
0,6.5600000000000005,-0.9574042640569572,-0.2213748998165409,-0.0603422303737319,0.03866437781881666,-0.5686915252903344,0.011687921382727673,5.195564988773084,5.197453506568101,-0.9048270524660196,-0.3852566213878946,0.1721092148720368,0.0603422303737319
0,6.58,-0.9565057899557642,-0.23263589981044797,-0.06009902935710226,0.051174622264307704,-0.5574079670295794,0.01263218028023605,5.209225459543121,5.2110728214171536,-0.8980275757606156,-0.3950775061878451,0.17264697222344474,0.06009902935710226
0,6.6000000000000005,-0.9553573013271477,-0.24366575133998492,-0.059837148942127376,0.0636651607081647,-0.5455766407668615,0.013555861217252385,5.222592480015613,5.224397249080454,-0.8910065241883679,-0.4045084971874736,0.17323801952840706,0.059837148942127376
0,6.62,-0.9539592407146148,-0.25445361415527296,-0.05955700787245812,0.07613116248665978,-0.5332090587367413,0.014458245749672916,5.235653135662421,5.23741400084143,-0.8837656300886936,-0.41354028713728075,0.17388419276399947,0.05955700787245812
0,6.640000000000001,-0.9523121468989255,-0.2649888834554854,-0.059259038631569616,0.08856783526028757,-0.5203172536754144,0.01533867833917757,5.248394797200168,5.2501105760511,-0.8763066800438634,-0.4221639627510078,0.17458761852837593,0.059259038631569616
0,6.66,-0.950416654069046,-0.275261200189079,-0.058943686170531404,0.10097043123088628,-0.5069137678348401,0.01619656776464362,5.260805131890584,5.2624747728737375,-0.8686315144381914,-0.4303710135019716,0.1753506864839678,0.058943686170531404
0,6.68,-0.9482734908706419,-0.2852604611295657,-0.05861140661032276,0.1133342531682048,-0.4930116415224667,0.017031388256220303,5.272872114670381,5.274494698858511,-0.860742027003944,-0.4381533400219315,0.17617601875012015,0.05861140661032276
0,6.7,-0.9458834793361239,-0.29497682871739034,-0.0582626659242577,0.12565466022618438,-0.47862440117201277,0.017842680350285356,5.284584039103576,5.28615878133343,-0.8526401643540921,-0.44550326209418406,0.17706643649765114,0.0582626659242577
0,6.72,-0.9432475337006347,-0.3044007406585951,-0.057897938606102727,0.1379270735305065,-0.4637660469512383,0.01863005146521246,5.29592952814844,5.297455777616966,-0.8443279255020155,-0.45241352623300946,0.1780249240406126,0.057897938606102727
0,6.74,-0.9403666591087287,-0.3135229192710742,-0.057517706329455846,0.15014698152032838,-0.4484510399131425,0.019393176199475448,5.306897544730221,5.308374785041728,-0.8358073613682702,-0.4588773128419906,0.17905459076590788,0.057517706329455846
0,6.76,-0.937241950216817,-0.32233438056935615,-0.0571224566039088,0.16230994502857382,-0.43269428869757665,0.020131796355228992,5.31747740211001,5.318905250783522,-0.8270805742745618,-0.4648882429441257,0.1801586312876949,0.0571224566039088
0,6.78,-0.9338745896967503,-0.3308264430789987,-0.05671268143343666,0.1744116020866601,-0.4165111357908423,0.02084572069198476,5.327658774039191,5.3290369814882,-0.8181497174250235,-0.47044038447711267,0.18134028425869272,0.05671268143343666
0,6.8,-0.9302658466461808,-0.3389907363718362,-0.056288875982351924,0.18644767244110694,-0.39991734335146095,0.02153482441648924,5.33743170468826,5.3387601526878035,-0.8090169943749476,-0.4755282581475767,0.1826027903120655,0.056288875982351924
0,6.82,-0.926417074911575,-0.34681920931349114,-0.055851537254024426,0.19841396177108495,-0.38292907861094166,0.022199048416260858,5.346786618338015,5.348065317996547,-0.7996846584870907,-0.4801468428384715,0.18394934964321116,0.055851537254024426
0,6.84,-0.9223297113299548,-0.3543041380147452,-0.05540116278740655,0.21030636559760163,-0.3655628988590407,0.022838398245526914,5.355714328820524,5.3569434180764794,-0.7901550123756906,-0.4842915805643155,0.1853830797678909,0.05540116278740655
0,6.86,-0.9180052738956147,-0.36143813347855985,-0.054938249376216226,0.2221208728766857,-0.347835736023688,0.023452942873504856,5.364206048696797,5.365385789361809,-0.7804304073383295,-0.4879583809693738,0.18690697400951,0.054938249376216226
0,6.88,-0.9134453598581949,-0.3682141489347493,-0.05446329181542107,0.23385356927060108,-0.32976488085645356,0.02404281320601065,5.372253398157482,5.373384172530299,-0.7705132427757896,-0.49114362536434425,0.18852386127202242,0.05446329181542107
0,6.9,-0.9086516437585956,-0.37462548685453123,-0.053976781679436765,0.24550064009279093,-0.3113679667351324,0.024608200392419288,5.379848413632699,5.380930720709523,-0.7604059656000308,-0.4938441702975689,0.19023636764452795,0.053976781679436765
0,6.92,-0.9036258754092885,-0.38066580563742114,-0.05347920613620426,0.25705837292390693,-0.2926629530957355,0.02514935393083162,5.386983556096839,5.388018007405225,-0.7501110696304595,-0.49605735065723894,0.19204688035834436,0.05347920613620426
0,6.94,-0.8983698778256134,-0.38632912596318775,-0.052971046801045696,0.2685231598979113,-0.2736681085068827,0.025666579585024607,5.393651719054393,5.39463903413931,-0.7396310949786097,-0.49778098230154,0.19395751457732413,0.052971046801045696
0,6.96,-0.8928855451146569,-0.39160983680185385,-0.05245277863392062,0.27989149965883725,-0.25440199340027453,0.026160237127482944,5.399846236189092,5.400787237780539,-0.7289686274214116,-0.4990133642141358,0.1959700834480992,0.05245277863392062
0,6.98,-0.88717484032828,-0.3965027010750097,-0.05192486888341373,0.2911599989903403,-0.23488344247174853,0.026630737923206027,5.4055608886703626,5.40645649756316,-0.7181262977631889,-0.4997532801828658,0.19808607177055396,0.05192486888341373
0,7.0,-0.8812397932868039,-0.40100286096199816,-0.05138777608048562,0.3023253741216923,-0.2151315467677587,0.02707854236960472,5.4107899120913565,5.411641141767698,-0.7071067811865477,-0.5,0.20030661357233678,0.05138777608048562
0,7.0200000000000005,-0.8750824983797771,-0.4051058428448405,-0.05084194908471182,0.3133844517152845,-0.19516563547324475,0.02750415720777566,5.415528003033061,5.416335954059392,-0.6959127965923139,-0.49975328018286574,0.20263247378755442,0.05084194908471182
0,7.04,-0.8687051123501299,-0.40880756188609213,-0.050287826185424656,0.3243341695420954,-0.1750052574171404,0.027908132720940948,5.4197703252372555,5.420536179466779,-0.684547105928689,-0.4990133642141358,0.2050640341521779,0.050287826185424656
0,7.0600000000000005,-0.862109852067882,-0.41210432623415166,-0.04972583425985822,0.3351715768528657,-0.15467016231252556,0.02829105983570246,5.42351251537533,5.424237529987588,-0.6730125135097731,-0.49778098230153994,0.20760128334056518,0.04972583425985822
0,7.08,-0.8552989922994009,-0.4149928408508919,-0.04915638799008288,0.3458938344539359,-0.13418028174899,0.028653567141831537,5.426750688400045,5.4274361898086525,-0.6613118653236523,-0.496057350657239,0.21024381128216013,0.04915638799008288
0,7.1000000000000005,-0.8482748634780171,-0.41747021095683756,-0.04857988914020321,0.35649821449782443,-0.11355570995532603,0.028996317846135433,5.42948144246768,5.430128820126911,-0.6494480483301834,-0.49384417029756883,0.21299080751809565,0.04857988914020321
0,7.12,-0.8410398494815932,-0.41953394508948344,-0.04799672589498435,0.3669820999996557,-0.09281668435118978,0.029320006675750854,5.431701863418676,5.432312563558948,-0.6374239897486896,-0.4911436253643443,0.21584106338655126,0.04799672589498435
0,7.140000000000001,-0.8335963854224092,-0.4211819577707233,-0.04740727226076796,0.37734298409148054,-0.07198356590685334,0.029625356745887288,5.43340952880549,5.433985048127014,-0.6252426563357052,-0.48795838096937366,0.21879297776560586,0.04740727226076796
0,7.16,-0.8259469554544792,-0.4224125717797471,-0.0468118875292426,0.38757846902736565,-0.05107681933061749,0.029913116406649287,5.434602511457086,5.435144390810021,-0.6129070536529765,-0.4842915805643156,0.2218445660541511,0.0468118875292426
0,7.18,-0.8180940906031468,-0.42322452002815963,-0.046210915804344936,0.3976862649528597,-0.03011699310386224,0.030184056083116584,5.435279382570096,5.435789200648549,-0.6004202253258841,-0.4801468428384716,0.22499347203611317,0.046210915804344936
0,7.2,-0.8100403666215327,-0.423616947034477,-0.04560468559229034,0.4076641884530716,-0.009124699384084372,0.03043896512234312,5.435439214317588,5.4359185813935085,-0.5877852522924734,-0.4755282581475769,0.22823698225069547,0.04560468559229034
0,7.22,-0.8017884018781127,-0.4235894099955678,-0.04499350945446388,0.4175101608941208,0.011879406203398894,0.03067864866030323,5.435081581966851,5.4355321336887,-0.5750052520432788,-0.47044038447711284,0.2315720424811232,0.04499350945446388
0,7.24,-0.7933408552794085,-0.42314187945302184,-0.04437768372264857,0.4272222065731363,0.032874644864102895,0.03090392452122792,5.434206565501354,5.434629956781023,-0.5620833778521309,-0.46488824294412584,0.23499527597541012,0.04437768372264857
0,7.26,-0.7847004242314635,-0.4222747395528506,-0.043757488275825665,0.43679845069230483,0.05384033500226425,0.031115620161062285,5.432814750733776,5.433212649743793,-0.5490228179981321,-0.4588773128419908,0.23850300302356794,0.043757488275825665
0,7.28,-0.7758698426434691,-0.4209887878973516,-0.04313318637755433,0.4462371171726672,0.07475581263637801,0.031314569666070824,5.430907229911356,5.431281312212954,-0.5358267949789963,-0.4524135262330096,0.24209126153480415,0.04313318637755433
0,7.3,-0.766851878976584,-0.4192852349883973,-0.042505024572724925,0.45553652632349284,0.09560045184090896,0.031501610816869974,5.428485601804938,5.428837544625992,-0.5224985647159495,-0.4455032620941842,0.2457558282838399,0.042505024572724925
0,7.32,-0.7576493343406787,-0.4171657032618438,-0.04187323264228225,0.4646950923830712,0.11635368519242617,0.03167758222739714,5.42555197127831,5.425883447958639,-0.5090414157503712,-0.43815334002193174,0.24949224052578942,0.04187323264228225
0,7.34,-0.7482650406414182,-0.414632225713189,-0.04123802361433267,0.47371132094668483,0.13699502419834597,0.03184332056756167,5.4221089483346585,5.42242162295459,-0.4954586684324075,-0.43037101350197177,0.253295817712297,0.04123802361433267
0,7.36,-0.7387018587797826,-0.41168724411504615,-0.04059959382988178,0.4825838062973647,0.15750407968641567,0.031999657877527454,5.4181596466377036,5.4184551688442175,-0.4817536741017153,-0.42216396275100754,0.25716168307648646,0.04059959382988178
0,7.38,-0.7289626769058154,-0.40833360682743836,-0.03995812306129866,0.4913112286547776,0.17786058213305117,0.03214741898078444,5.413707681505981,5.413987681549189,-0.4679298142605735,-0.41354028713728097,0.26108478488915937,0.03995812306129866
0,7.4,-0.7190504087280867,-0.40457456620235455,-0.03931377468146693,0.4998923513572656,0.19804440190865738,0.03228741900238852,5.408757167379499,5.409023251370741,-0.45399049973954697,-0.40450849718747384,0.2650599172227436,0.03931377468146693
0,7.42,-0.7089679918800601,-0.40041377558444663,-0.03866669588146295,0.5083260179916527,0.21803556941811164,0.032420460998009215,5.403312714758916,5.40356646016009,-0.4399391698559154,-0.3950775061878454,0.2690817400916904,0.03866669588146295
0,7.44,-0.698718386344267,-0.3958552859101814,-0.0380170179344969,0.5166111494849586,0.23781429511467153,0.032547333698596415,5.397379426618033,5.397622377970461,-0.4257792915650722,-0.3852566213878943,0.2731447988678208,0.0380170179344969
0,7.46,-0.6883045729349113,-0.39090354190819554,-0.037364856503762825,0.5247467411716228,0.2573609893656819,0.032668809374810426,5.390962894291303,5.391196559190909,-0.4115143586051092,-0.3750555348152301,0.27724354289605463,0.037364856503762825
0,7.48,-0.6777295518392655,-0.38556337790403294,-0.03671031199176859,0.5327318598492454,0.27665628214860033,0.032785641824613077,5.38406919283874,5.384295038162946,-0.39714789063478034,-0.36448431371070555,0.281372343259843,0.03671031199176859
0,7.5,-0.66699634121796,-0.3798400132328704,-0.036053469928655296,0.5405656408352041,0.2956810425560305,0.03289856448671635,5.3767048758913605,5.376924324281835,-0.3826834323650904,-0.35355339059327423,0.2855255096662585,0.036053469928655296
0,7.5200000000000005,-0.656107975864033,-0.3737390472642637,-0.035394401396968596,0.5482472850358135,0.3144163980886527,0.0330082886819536,5.368876969981015,5.369091396585089,-0.36812455268467786,-0.34227355296434425,0.2896973064383544,0.035394401396968596
0,7.54,-0.6450675059203782,-0.36726645404336455,-0.03473316349030915,0.555776056038965,0.33284375371516434,0.033115501983990825,5.360592968359183,5.360803697831593,-0.3534748437792571,-0.3306559326618259,0.29388196761688884,0.03473316349030915
0,7.5600000000000005,-0.6338779956550175,-0.3604285765534752,-0.034069799803267284,0.5631512772404141,0.3509448106785951,0.033220866720196085,5.351860824309908,5.352069128075377,-0.3387379202452914,-0.3187119948743449,0.2980737111854219,0.034069799803267284
0,7.58,-0.6225425222934314,-0.35323212060521647,-0.03340434095003601,0.5703723290131004,0.3687015850286313,0.0333250186029308,5.342688943962813,5.342896037738935,-0.32391741819814956,-0.30645352682648835,0.3022667524419998,0.03340434095003601
0,7.6000000000000005,-0.6110641749069989,-0.34568414835799,-0.03273680510909678,0.5774386459280658,0.38609642585988296,0.033428565490992046,5.3330861786126285,5.333293220191523,-0.3090169943749477,-0.29389262614623674,0.3064553165477344,0.03273680510909678
0,7.62,-0.5994460533564359,-0.33779207147981377,-0.03206719859138247,0.5843497140347176,0.4031120332363409,0.033532086280439355,5.323061816552455,5.323269903838751,-0.2940403252323043,-0.28104168892606557,0.3106336502876463,0.03206719859138247
0,7.640000000000001,-0.5876912672889751,-0.32956364395200105,-0.0313955164293422,0.5911050682073462,0.4197314757826133,0.03363612992358744,5.312625574428424,5.3128357437302345,-0.2789911060392288,-0.26791339748949794,0.314796033082545,0.0313955164293422
0,7.66,-0.5758029351879013,-0.32100695452553785,-0.030721742984361394,0.5977042895639727,0.4359382079228835,0.03374121457449286,5.301787588124069,5.302000812692922,-0.26387304996537336,-0.2545207078751861,0.318936787292703,0.030721742984361394
0,7.68,-0.5637841834729387,-0.31213041883639114,-0.03004585257002727,0.6041470029627658,0.4517160867489129,0.03384782685891974,5.290558403183308,5.29077559199817,-0.24868988716485535,-0.24087683705085816,0.3230502878549311,0.03004585257002727
0,7.7,-0.5516381456498973,-0.3029427711873507,-0.029367810088774565,0.6104328745804468,0.46704938849880234,0.03395642126635057,5.278948964781446,5.279170961571377,-0.2334453638559052,-0.2269952498697732,0.3271309712945,0.029367810088774565
0,7.72,-0.539367961507898,-0.2934530560043669,-0.028687571679497897,0.6165616095762841,0.4819228246286429,0.03406741966131621,5.2669706072541285,5.267198189753503,-0.2181432413965433,-0.21288964578253702,0.3311733441525586,0.028687571679497897
0,7.74,-0.526976776362437,-0.28367061897570217,-0.0280050853737747,0.62253294984449,0.4963215574596114,0.03418121091100357,5.254635043194751,5.254868922624405,-0.20278729535651246,-0.19857394531739028,0.33517199086827043,0.0280050853737747
0,7.76,-0.5144677403424998,-0.273605097882557,-0.02732029175840636,0.6283466718570567,0.5102312153835169,0.03429815062583064,5.241954352131248,5.2421951728984695,-0.18738131458572468,-0.18406227634233904,0.33912158115302193,0.02732029175840636
0,7.78,-0.5018440077199009,-0.26326641313016647,-0.02663312464205364,0.6340025845983265,0.5236379076102614,0.034418561009441184,5.2289409687938075,5.229189308403541,-0.1719291002794097,-0.16936896012264582,0.34301687689203786,0.02663312464205364
0,7.8,-0.48910873627900886,-0.25266475798869004,-0.025943511723816152,0.639500527591875,0.536528238441159,0.03454273081430781,5.215607670985372,5.2158640401547505,-0.15643446504023112,-0.15450849718747395,0.3468527386063547,0.025943511723816152
0,7.82,-0.4762650867250096,-0.24181058855353313,-0.025251375261683102,0.6448403690196066,0.5488893210525493,0.03467091539899725,5.201967567067414,5.202232410035233,-0.140901231937583,-0.13949555301961494,0.3506241315057894,0.025251375261683102
0,7.84,-0.4633162221288704,-0.23071461343504487,-0.024556632738864062,0.6500220039323162,0.5607087907746463,0.0348033368829066,5.188034083073784,5.188307778096315,-0.12533323356430465,-0.1243449435824278,0.3543261311610959,0.024556632738864062
0,7.86,-0.4502653074071876,-0.21938778318783286,-0.023859197526093275,0.6550453525503711,0.57197481785109,0.034940184394172125,5.173820949466005,5.174103809490199,-0.1097343110910449,-0.10907162069827091,0.35795392882113786,0.023859197526093275
0,7.88,-0.43711550883513445,-0.20784127949022105,-0.02315897953808886,0.6599103586526007,0.5826761196651981,0.035081614406269335,5.159342187543727,5.159634461048604,-0.09410831331851491,-0.0936906572928629,0.36150283639858266,0.02315897953808886
0,7.9,-0.42386999359076727,-0.19608650408465092,-0.02245588588243909,0.6646169880509708,0.5928019724194711,0.03522775115870802,5.144612095524474,5.144913967521338,-0.07845909572784475,-0.07821723252011524,0.3649682911454426,0.02245588588243909
0,7.92,-0.4105319293290038,-0.1841350674900901,-0.021749821499280612,0.6691652271481447,0.602342222255461,0.035378687157139765,5.129645234307321,5.129956827489111,-0.06279051952931326,-0.062666616782152,0.3683458600376324,0.021749821499280612
0,7.94,-0.39710448378364716,-0.17199877749776385,-0.021040689790228866,0.673555081574615,0.6112872958016952,0.035534483748034695,5.114456412935387,5.114777788965451,-0.04710645070964264,-0.047054156659257135,0.3716312438858581,0.021040689790228866
0,7.96,-0.3835908243959014,-0.15968962746176604,-0.02032839323511785,0.6777865749017122,0.6196282101379345,0.03569517176306691,5.099060673772553,5.099391834702813,-0.03141075907812836,-0.031395259764656756,0.37482028118824096,0.02032839323511785
0,7.98,-0.3699941179679,-0.14721978439633354,-0.01961283399520521,0.6818597474264816,0.6273565821646442,0.03586075222819707,5.083473277410032,5.083814167218542,-0.01570731731182083,-0.015705379539064302,0.377908951738487,0.01961283399520521
1,0.0,-0.5,0.3,0.1,0.0,0.0,0.0,5.302916578472545,1.8587329718147743,0.0,0.0,0.58309518948453,0.1
1,0.02,-0.5001389022042179,0.29946356702696747,0.08277908196671115,-0.013480840452242609,-0.05360577974806814,-1.7220918033288855,4.254995645567608,3.668677608577049,0.015707317311820675,0.015705379539064146,0.5887410561150029,0.08277908196671115
1,0.04,-0.5005206359720007,0.2980101578923384,0.04540565571518063,-0.023707504355513435,-0.09167191409355727,-2.015250821824165,4.339083323313257,4.450172237595209,0.03141075907812829,0.03139525976465669,0.5950079940165598,0.04540565571518063
1,0.06,-0.5010511360948097,0.29597158902231724,0.005656083850107081,-0.028178400274325527,-0.11215524576846025,-1.9597063646831892,4.639011237019297,4.93229536449148,0.04710645070964266,0.047054156659257156,0.6020270991454615,0.005656083850107081
1,0.08,-0.5016009904215227,0.2936806175604619,-0.032071622806195785,-0.025603530603753685,-0.11695779691569513,-1.8130643009470973,4.9406971548402225,5.2878808077559665,0.06279051952931337,0.06266661678215213,0.6098403439099332,0.032071622806195785
1,0.1,-0.5020233484926121,0.291423137766035,-0.06659699056055901,-0.015456615740981098,-0.10884823003676704,-1.6394724744892253,5.197081796991583,5.560834397118849,0.07845909572784494,0.07821723252011543,0.6183984363498084,0.06659699056055901
1,0.12,-0.5021664973162696,0.2894292833945832,-0.09756767704970719,0.002248550065276701,-0.09062826179127179,-1.4575961744255923,5.400777591119435,5.766090729251628,0.09410831331851431,0.0936906572928623,0.6275804805327654,0.09756767704970719
1,0.14,-0.5018830594654095,0.28787527435553223,-0.12489303484755807,0.02710604690742862,-0.0648855410667739,-1.2749396053594957,5.554189867639635,5.9124689725639294,0.10973431109104528,0.10907162069827128,0.6372178234540975,0.12489303484755807
1,0.16,-0.5010366151037006,0.2868885748158795,-0.14860043143012652,0.058436057856494555,-0.0339079370612667,-1.0958000528973484,5.662310174093637,6.007631974261992,0.12533323356430426,0.1243449435824274,0.6471163878120656,0.14860043143012652
1,0.18,-0.49950615198777804,0.28655417190197335,-0.1687898234872317,0.09538573540684615,0.00034353689686887623,-0.9231391528131709,5.7308160954498915,6.058950896328117,0.14090123193758267,0.13949555301961464,0.6570752276366163,0.1687898234872317
1,0.2,-0.4971886667303783,0.2869210968081598,-0.185611932539104,0.13701352635678002,0.0362324204452427,-0.7590717523740582,5.765451186081113,6.073493426759364,0.15643446504023087,0.1545084971874737,0.6669005135130182,0.185611932539104
1,0.22,-0.4940002542417318,0.2880087243401143,-0.1992531563831939,0.18235610759971208,0.07242738032844331,-0.6050506320349327,5.771749699633577,6.057878169329444,0.17192910027940952,0.16936896012264568,0.6764150344769996,0.1992531563831939
1,0.24,-0.48987603067594043,0.2898125844571381,-0.20992352667541322,0.2304782270858659,0.10787314946029791,-0.46198639718699885,5.754884068062746,6.018156050718392,0.1873813145857246,0.18406227634233896,0.6854638133244184,0.20992352667541322
1,0.26,-0.4847692164103187,0.2923095466478634,-0.21784689470587498,0.2805070539083584,0.14175707013676073,-0.33035040585917574,5.719576525871709,5.959742871299118,0.2027872953565125,0.1985739453173903,0.6939166519328946,0.21784689470587498
1,0.28,-0.47864966517321966,0.2954623261992724,-0.22325307109592146,0.3316534396415277,0.17347484170668942,-0.21026723314547136,5.670053721053173,5.887396325807826,0.21814324139654256,0.21288964578253636,0.7016684417851082,0.22325307109592146
1,0.3,-0.4715020743259349,0.29922332006589375,-0.22637170273505763,0.3832227664749467,0.20259776187798373,-0.10159593076814487,5.610032347011828,5.805225676960257,0.2334453638559054,0.2269952498697734,0.7086379786064215,0.22637170273505763
1,0.32,-0.4633240585342475,0.3035378155671254,-0.22742765470067838,0.4346179627025809,0.22884274946992444,-0.003999265793930257,5.542726956275858,5.7167233154212935,0.2486898871648548,0.24087683705085766,0.7147658757233871,0.22742765470067838
1,0.34,-0.45412422038162464,0.30834663358923714,-0.22663765822082982,0.4853369636611961,0.2520457265246922,0.08299891377878768,5.4708729883857,5.624809745641587,0.2638730499653729,0.25452070787518566,0.7200120210834775,0.22663765822082982
1,0.36,-0.44392030978508074,0.31358827473748274,-0.22420799615897463,0.5349665070338365,0.2721384742341728,0.15996729240673083,5.396759579473296,5.531885782648776,0.2789911060392293,0.26791339748949833,0.724352890199747,0.22420799615897463
1,0.38,-0.4327375303057382,0.31920063632747575,-0.22033301929496263,0.5831737527951802,0.2891288029216528,0.22753039399447067,5.3222680362191515,5.439887594729575,0.29404032523230395,0.2810416889260653,0.727778920117407,0.22033301929496263
1,0.4,-0.4206070243367242,0.3251223634445867,-0.2151943136225211,0.6296968528088821,0.30308373590091037,0.28634017324968225,5.2489129473116565,5.3503416423837935,0.3090169943749474,0.29389262614623657,0.7302920684032477,0.2151943136225211
1,0.42,-0.40756454982601925,0.3312938907367964,-0.20896036668216675,0.6743352825220502,0.31411535405491786,0.33705452078575077,5.177883774727872,5.264417600409803,0.32391741819814934,0.3064535268264882,0.7319036229065323,0.20896036668216675
1,0.44,-0.3936493475397967,0.33765822452761507,-0.20178660713804208,0.7169404922735347,0.32236894732105115,0.3803214336267163,5.110085437637995,5.182978086525338,0.33873792024529137,0.3187119948743448,0.7326322881444556,0.20178660713804208
1,0.46,-0.378903188765662,0.34416150803395473,-0.19381571522107105,0.7574072354914404,0.328013146364122,0.41676775807038796,5.046176905849735,5.1066245320981,0.35347484377925714,0.3306559326618259,0.7325025482006865,0.19381571522107105
1,0.48,-0.36336958776637446,0.35075340633849306,-0.18517812192842145,0.7956657788685958,0.3312317465847833,0.4469915711945705,4.986607191184258,5.03573888088903,0.3681245526846779,0.3422735529643443,0.7315432901937322,0.18517812192842145
1,0.5,-0.3470931603404735,0.3573873424328085,-0.17599263205600618,0.8316750876402978,0.332216977677295,0.4715574160469567,4.931648394396339,4.970521037979138,0.3826834323650898,0.35355339059327373,0.7297866636542829,0.17599263205600618
1,0.52,-0.3301191087999956,0.36402061110658207,-0.16636712051715305,0.8654169996517864,0.3311640100859006,0.49099373783835626,4.881425657390717,4.9110221479312015,0.3971478906347806,0.3644843137107058,0.7272671472622477,0.16636712051715305
1,0.54,-0.31249281395681555,0.3706143936268494,-0.1563992633076835,0.8968913480692301,0.32826652265554723,0.5057919831085985,4.835944005378593,4.8571738830821545,0.4115143586051088,0.3750555348152298,0.7240207936628389,0.1563992633076835
1,0.56,-0.29425951586619725,0.3771336929198708,-0.14617727425699373,0.9261119584345516,0.32371318299678603,0.5164069219603792,4.7951121562075345,4.808813986250044,0.4257792915650727,0.3852566213878946,0.7200846243143525,0.14617727425699373
1,0.58,-0.2754640667651854,0.38354720622594746,-0.1357806266675736,0.9531034263878302,0.31768491397832516,0.523257836981634,4.758763435931562,4.765708348825219,0.4399391698559151,0.39507750618784515,0.7154961486864605,0.1357806266675736
1,0.6,-0.256150741609306,0.3898271498461589,-0.12528074536347264,0.9778985738197462,0.3103528371474685,0.5267302934284627,4.726673978632002,4.727569922554693,0.4539904997395468,0.4045084971874737,0.7102929850591557,0.12528074536347264
1,0.62,-0.23636309366940755,0.3959490485587895,-0.11474165977528993,1.0005364803259202,0.30187679767510095,0.5271782653898082,4.6985784111611055,4.69407476737374,0.4679298142605734,0.4135402871372809,0.7045125632912403,0.11474165977528993
1,0.64,-0.21614384467290948,0.40189150048942707,-0.10422061268643058,1.021060991166473,0.29240438650835293,0.5249264434961255,4.674183234105429,4.664875532022229,0.4817536741017153,0.42216396275100754,0.6981918929906914,0.10422061268643058
1,0.66,-0.1955348008749467,0.4076359266257889,-0.09376862232692407,1.0395196106093008,0.28207038452461625,0.5202725924545258,4.653178112388974,4.639612652030628,0.4954586684324076,0.4303710135019718,0.6913673833792574,0.09376862232692407
1,0.68,-0.17457678817245437,0.4131663127428389,-0.08343099777962527,1.055962699142123,0.2709965611987138,0.5134898622753529,4.635245285070723,4.617923533180084,0.5090414157503713,0.43815334002193185,0.6840747037180341,0.08343099777962527
1,0.7000000000000001,-0.15330960090012524,0.4184689502224065,-0.07324780929357141,1.0704429035361755,0.25929176705307294,0.5048289863300336,4.6200672959530715,4.599449969457764,0.5224985647159488,0.44550326209418395,0.6763486754121305,0.07324780929357141
1,0.72,-0.13177196026120358,0.4235321810983256,-0.06325431619944728,1.0830147593876382,0.24705226526227742,0.4945203230823797,4.607333236036294,4.583844024150856,0.5358267949789967,0.4524135262330098,0.6682231888336813,0.06325431619944728
1,0.74,-0.11000147945064825,0.4283461516220898,-0.05348135579722688,1.09373441603499,0.23436225342837771,0.4827757171396604,4.596743676686508,4.570772582026453,0.5490228179981318,0.45887731284199057,0.6597311395055517,0.05348135579722688
1,0.76,-0.0880346334342298,0.43290257771737234,-0.04395569692773395,1.1026594433114079,0.22129453185319575,0.46979016980963284,4.588014459401472,4.559920760232294,0.5620833778521306,0.4648882429441257,0.6509043795972879,0.04395569692773395
1,0.78,-0.06590673207098738,0.43719452486849825,-0.034700362027387174,1.1098486882346423,0.2079112796731309,0.45574332022504394,4.580879494807075,4.55099434610612,0.5750052520432786,0.4704403844771127,0.6417736817308738,0.034700362027387174
1,0.8,-0.04365189582764105,0.44121620426299296,-0.025734921366391068,1.1153621573558354,0.19426490501643864,0.4408007458745665,4.575092710377142,4.543721411803083,0.5877852522924731,0.47552825814757677,0.6323687129103096,0.025734921366391068
1,0.8200000000000001,-0.021303033752898028,0.4449627863768159,-0.01707576294177003,1.1192609070497739,0.18039893989371122,0.4251150965875371,4.570429273582485,4.537853238697604,0.600420225325884,0.48014684283847153,0.6227180170098174,0.01707576294177003
1,0.84,0.0011081763218828873,0.44843023264783394,-0.008736341184443695,1.1216069295504727,0.16634895482604656,0.4088270791450964,4.5666862049358325,4.533164668989273,0.6129070536529764,0.48429158056431554,0.612849004713211,0.008736341184443695
1,0.86,0.023551305191225568,0.45161514542319203,-0.000727407281274562,1.1224630270721792,0.15214347223402505,0.3920663111718167,4.563682483717469,4.529453987744949,0.6252426563357051,0.48795838096937366,0.6027879501217941,0.000727407281274562
1,0.88,0.04599718701245463,0.4545146359837755,0.006942776462299174,1.121892669984795,0.13780486133173755,0.37495206318555685,4.561258738219098,4.526542425823532,0.6374239897486896,0.4911436253643443,0.5925599934671993,0.006942776462299174
1,0.9,0.06841793103818389,0.4571262101378328,0.014268236164032482,1.119959837826539,0.12335020067945864,0.35759390698777394,4.5592766020214155,4.524273362532008,0.6494480483301837,0.4938441702975689,0.5821891495026742,0.014268236164032482
1,0.92,0.09078693000862018,0.4594476706296613,0.021245098106340926,1.1167288440344132,0.1087920976314789,0.34009228724307017,4.557617808216839,4.522511296453787,0.6613118653236518,0.49605735065723894,0.5716983212219034,0.021245098106340926
1,0.9400000000000001,0.11307886490072651,0.461477035421464,0.02787141129238707,1.1122641467553713,0.09413945666738964,0.32253903136154405,4.556183084557533,4.521140643531184,0.6730125135097733,0.49778098230154,0.561109318585702,0.02787141129238707
1,0.96,0.13526970578850245,0.4632124707704373,0.03414697971448621,1.1066301490661952,0.07939819101594967,0.3050178108483693,4.554890904249519,4.520064413089288,0.6845471059286886,0.4990133642141358,0.5504428819379257,0.03414697971448621
1,0.98,0.1573367086408562,0.4646522379322975,0.040073203475652436,1.0998909924708893,0.06457187407753284,0.2876045652682536,4.553676139510235,4.51920280496961,0.6959127965923143,0.4997532801828658,0.5397187097740571,0.040073203475652436
1,1.0,0.1792584079631373,0.46579465227043193,0.04565292810831438,1.0921103477465144,0.04966232893668127,0.27036789799794125,4.552488658043951,4.518491764218627,0.7071067811865475,0.5,0.5289554904979257,0.04565292810831438
1,1.02,0.20101460526937215,0.46663805353061677,0.050890301599146585,1.083351207148884,0.03467015574790515,0.2533694510852792,4.5512918962490465,4.517881523778621,0.7181262977631888,0.4997532801828658,0.5181709377705868,0.050890301599146585
1,1.04,0.2225863534500503,0.46718078604910535,0.055790638758500044,1.073675681736355,0.019595197996801313,0.23666426485006664,4.5500614372339045,4.51733516029297,0.7289686274214116,0.4990133642141358,0.5073818290252811,0.055790638758500044
1,1.06,0.24395593717166442,0.4674211876916441,0.060360292670796706,1.063144807181518,0.004436949608717867,0.22030112637959942,4.548783616562437,4.51682718340964,0.7396310949786098,0.49778098230154,0.49660404669685815,0.060360292670796706
1,1.08,0.2651068495069044,0.4673575863678902,0.0646065330326247,1.0518183609662,-0.010805094375862787,0.20432290980320078,4.547454174051947,4.516342174795296,0.7501110696304596,0.4960573506572389,0.4858526216950179,0.0646065330326247
1,1.1,0.2860237650471364,0.46698830302559036,0.06853743123240547,1.0397546933352981,-0.026131140290057395,0.18876691017487535,4.546076965878445,4.515873489412466,0.760405965600031,0.49384417029756883,0.4751417786391099,0.06853743123240547
1,1.12,0.30669250979098145,0.46631166009804753,0.07216175205357307,1.0270105738518842,-0.04154084784513421,0.1736651719418859,4.5446627476783785,4.5154220284216695,0.7705132427757893,0.4911436253643443,0.46448498236816116,0.07216175205357307
1,1.1400000000000001,0.32710002813443295,0.4653259944536956,0.07548885189612725,1.0136410548747536,-0.05703312776907289,0.1590448123135314,4.54322803623987,4.514995090310483,0.7804304073383297,0.4879583809693737,0.45389498524278044,0.07548885189612725
1,1.16,0.3472343473094463,0.4640296739753379,0.07852858341275094,0.9996993527886211,-0.07260598108557985,0.1449283393488382,4.541794054717571,4.514605304484361,0.7901550123756903,0.4842915805643156,0.4433838747646833,0.07852858341275094
1,1.18,0.36708453963003224,0.46242111697657806,0.08129120644856165,0.9852367473694011,-0.08825637602801129,0.13133396423223298,4.540385764048731,4.514269649544957,0.7996846584870905,0.48014684283847153,0.4329631210535973,0.08129120644856165
1,1.2,0.3866406829085413,0.4604988137423825,0.08378730516068744,0.9703024992706474,-0.10398015865043286,0.11827590698034618,4.539030981359162,4.514008556796791,0.8090169943749475,0.4755282581475768,0.4226436237388367,0.08378730516068744
1,1.22,0.40589381940110814,0.4582613495581451,0.08602771117748251,0.9549437852765887,-0.1197719933278231,0.10576469469916072,4.5377595845913,4.513845098129606,0.8181497174250234,0.4704403844771127,0.4124357578424333,0.08602771117748251
1,1.24,0.4248359136312653,0.45570742866599695,0.08802343263915725,0.9392056506835401,-0.1356253295136936,0.09380745146831349,4.536602801327657,4.513804256291635,0.8270805742745618,0.4648882429441257,0.40234941825091564,0.08802343263915725
1,1.26,0.4434598094256634,0.452835898657615,0.08978558894334342,0.9231309779436273,-0.15153239133282093,0.08240817895030272,4.535592578788678,4.513912274668505,0.8358073613682702,0.4588773128419906,0.39239406239226365,0.08978558894334342
1,1.28,0.4617591864767346,0.44964577487889207,0.09132535100174861,0.9067604705298511,-0.1674841868181227,0.07156802689021646,4.534761031221548,4.514196082985979,0.8443279255020151,0.45241352623300973,0.38257875075198755,0.09132535100174861
1,1.3,0.47972851672503286,0.4461362644831818,0.0926538867983751,0.8901326508553703,-0.18347053384467416,0.061285552772432195,4.534139960339914,4.51468279484088,0.8526401643540922,0.44550326209418395,0.37291218487660627,0.0926538867983751
1,1.32,0.4973630208297949,0.44230678982626,0.09378231202632858,0.8732838709975622,-0.19948010006273498,0.05155697002291515,4.533760444069721,4.515399272581033,0.8607420270039436,0.43815334002193174,0.36340274252320814,0.09378231202632858
1,1.34,0.5146586249708233,0.43815701094759696,0.09472164556934345,0.8562483349336368,-0.2155004543803644,0.042376384278571266,4.533652488651363,4.516371754862003,0.8686315144381913,0.4303710135019718,0.35405850961966845,0.09472164556934345
1,1.36,0.5316119181988037,0.4336868469290845,0.09548276958596807,0.8390581309836435,-0.23151812778791178,0.03373601738389109,4.5338447390117365,4.517625542062983,0.8763066800438637,0.4221639627510075,0.3448873087012684,0.09548276958596807
1,1.3800000000000001,0.5482201105252416,0.42889649596416174,0.09607639394890213,0.821743273173406,-0.24751868155029746,0.025626418909514226,4.534364242294402,4.5191847347059655,0.8837656300886935,0.41354028713728086,0.33589672348601685,0.09607639394890213
1,1.4000000000000001,0.5644809919178368,0.4237864540075234,0.09651302478915023,0.8043317502690652,-0.26348678101560374,0.01803666511529578,4.535236259536754,4.521072020106764,0.8910065241883679,0.4045084971874737,0.3270941192435433,0.09651302478915023
1,1.42,0.5803928923427115,0.41835753190852676,0.09680293689430619,0.7868495812915266,-0.2794062734966422,0.010954545400300497,4.53648412060486,4.5233085025811866,0.8980275757606155,0.39507750618784526,0.3184866586021269,0.09680293689430619
1,1.44,0.5959546429717655,0.4126108709603242,0.09695614971219384,0.7693208763890323,-0.29526026887675993,0.004366736388463743,4.538129117690107,4.525913572697944,0.9048270524660196,0.3852566213878946,0.31008131242701,0.09695614971219384
1,1.46,0.6111655386517937,0.4065479568219156,0.0969824067150023,0.7517679020253435,-0.31103122177081394,-0.0017410361076176661,4.54019043290151,4.528904811272159,0.9114032766354452,0.37505553481522985,0.30188486539306164,0.0969824067150023
1,1.48,0.6260253017120009,0.40017063179204027,0.09689115788470319,0.7342111495262692,-0.32670101423701586,-0.0073838469222934355,4.542685095745225,4.5322979240239745,0.9177546256839811,0.3644843137107057,0.29390391586937187,0.09689115788470319
1,1.5,0.640534047168291,0.3934811054324085,0.09669154508765107,0.7166694061156282,-0.34225103818543656,-0.012577432782918563,4.545627966559614,4.5361067030771,0.9238795325112867,0.3535533905932738,0.2861448697365254,0.09669154508765107
1,1.52,0.6546922493662239,0.3864819635534923,0.09639239011458013,0.6991598276607645,-0.3576622767647943,-0.017338064524175745,4.5490317422617705,4.540343011735188,0.9297764858882513,0.3422735529643444,0.2786139277741251,0.09639239011458013
1,1.54,0.6685007100898177,0.3791761755892387,0.09600218517146371,0.6816980124354897,-0.37291538413133385,-0.02168242978746704,4.552906981053688,4.545016789243211,0.9354440308298673,0.33065593266182597,0.2713170662922996,0.09600218517146371
1,1.56,0.6819605281503854,0.3715671003978984,0.09552908561666199,0.6642980752932311,-0.3879907631128448,-0.025627525692705766,4.5572621430276055,4.550136072511871,0.9408807689542255,0.31871199487434493,0.26426001074287514,0.09552908561666199
1,1.58,0.6950730704582666,0.36365849053492877,0.0949809047502292,0.6469727217240111,-0.40286864037794384,-0.02919056095057282,4.56210364389604,4.555707032050843,0.9460853588275453,0.30645352682648824,0.2574482021402867,0.0949809047502292
1,1.6,0.7078399445705499,0.3554544950508708,0.09436511047199177,0.6297333213448046,-0.41752913880648657,-0.03238886687317144,4.567435919349764,4.561734019618376,0.9510565162951535,0.2938926261462366,0.25088675625568724,0.09436511047199177
1,1.62,0.7202629726995856,0.34695966087243124,0.0936888236358714,0.6125899804431997,-0.43195234683219075,-0.03523981673886556,4.5732614978130774,4.568219625347375,0.9557930147983301,0.28104168892606524,0.24458041572570413,0.0936888236358714
1,1.6400000000000001,0.7323441671601355,0.33817893282892375,0.09295881793876558,0.595551613258754,-0.44611838459409214,-0.03776075297171688,4.5795810796189285,4.575164742349904,0.9602936856769431,0.26791339748949833,0.2385334954436807,0.09295881793876558
1,1.6600000000000001,0.7440857072272855,0.32911765238892604,0.09218152119298612,0.5786260117448404,-0.4600074667901027,-0.039968921606229,4.586393620864763,4.582568637031073,0.9645574184577981,0.25452070787518555,0.2327498218768311,0.09218152119298612
1,1.68,0.7554899173726307,0.31978155517366136,0.09136301784169308,0.5618199136060743,-0.473599962174492,-0.04188141352307395,4.593696420432947,4.590429023558799,0.9685831611286311,0.2408768370508578,0.22723266727408115,0.09136301784169308
1,1.7,0.7665592468426146,0.31017676731436533,0.09050905258686086,0.5451390684527656,-0.4868764496823035,-0.0435151119601479,4.601485208866336,4.598742141137117,0.9723699203976766,0.22699524986977343,0.22198468008755298,0.09050905258686086
1,1.72,0.7772962505401423,0.3003098007208961,0.0896250350090118,0.5285883019544307,-0.49981777119825477,-0.04488664582475754,4.609754237980128,4.607502832916971,0.9759167619387473,0.21288964578253644,0.2170078133102359,0.0896250350090118
1,1.74,0.7877035711685879,0.2901875473282114,0.08871604506720086,0.5121715779095575,-0.5124050810162302,-0.04601234835633583,4.618496370265358,4.616704625550045,0.9792228106217657,0.1985739453173903,0.21230325281097506,0.08871604506720086
1,1.76,0.7977839225959603,0.27981727238618387,0.08778683937649757,0.4958920581788738,-0.5246198920586715,-0.04690822071399248,4.627703167297805,4.626339808547835,0.9822872507286886,0.18406227634233907,0.20787134809638855,0.08778683937649757
1,1.78,0.8075400743961995,0.2692066068566576,0.08684185816846787,0.47975216045472574,-0.5364441189436073,-0.04758990008897779,4.637364976508973,4.636399512750533,0.9851093261547739,0.16936896012264566,0.20371154821336307,0.08684185816846787
1,1.8,0.8169748375242383,0.2583635389797546,0.08588523284789612,0.4637536138602258,-0.5478601180012681,-0.048072631968198,4.647471015803788,4.646873787338416,0.9876883405951378,0.15450849718747375,0.19982234568839996,0.08588523284789612
1,1.82,0.8260910510815146,0.24729640506929743,0.0849207940662053,0.447897512389004,-0.5588507243527376,-0.048371246200883955,4.658009455623503,4.657751674933268,0.9900236577165575,0.13949555301961455,0.19620123144566992,0.0849207940662053
1,1.84,0.8348915701289747,0.23601387959489437,0.08395208023873645,0.43218436621009726,-0.5693992861703457,-0.048500136546001715,4.66896749815277,4.669021284439173,0.9921147013144779,0.12434494358242741,0.19284466352463675,0.08395208023873645
1,1.86,0.8433792545052087,0.22452496460579766,0.08298234643924843,0.41661415087314563,-0.5794896962439642,-0.048473243402800015,4.680331453457576,4.6806698613617215,0.9939609554551797,0.10907162069827116,0.18974805211231047,0.08298234643924843
1,1.8800000000000001,0.8515569586081438,0.212838978549142,0.08201457361071315,0.40118635445701545,-0.5891064209794178,-0.048304039450727365,4.6920868124168935,4.692683855422995,0.99556196460308,0.09369065729286229,0.18690576291219924,0.08201457361071315
1,1.9000000000000001,0.8594275220996437,0.2009655445326486,0.08105147803672912,0.38590002271060214,-0.5982345269552418,-0.04800551794767649,4.704218316376058,4.705048985357285,0.996917333733128,0.07821723252011549,0.18431114020844525,0.08105147803672912
1,1.92,0.866993761493371,0.18891457807937315,0.08009552102268172,0.370753802238221,-0.6068597051623328,-0.047590183457062785,4.716710023504989,4.7177503008303185,0.9980267284282716,0.06266661678215227,0.18195655018566195,0.08009552102268172
1,1.94,0.874258462587347,0.17669627441961766,0.0791489187401671,0.3557459817839866,-0.6149682930479736,-0.047070044794398025,4.729545371890505,4.730772241473382,0.99888987496197,0.047054156659257176,0.17983344418623728,0.0791489187401671
1,1.96,0.8812243737037289,0.1643210953627391,0.07821365219219353,0.3408745316701981,-0.6225472944815218,-0.04645661000295964,4.742707239429467,4.744098693064231,0.9995065603657316,0.03139525976465679,0.1779324406930711,0.07821365219219353
1,1.98,0.8878941996994306,0.15179975578929367,0.07729147726030816,0.32613714144425104,-0.6295843977540049,-0.04576088318557747,4.756178000619731,4.757713040919421,0.9998766324816606,0.015705379539064118,0.17624342398729576,0.07729147726030816
1,2.0,0.8942705967122832,0.13914320980176906,0.07638393479809506,0.3115312557872153,-0.6360679917181751,-0.04499336303573276,4.769939580369241,4.771598220588878,1.0,6.123233995736766e-17,0.17475565671392665,0.07638393479809506
1,2.02,0.9003561676084774,0.12636263657008748,0.07549236073847859,0.2970541087351702,-0.641987180169441,-0.04416404292591414,4.783973504960939,4.785736765963396,0.9998766324816606,-0.015705379539063997,0.173457903047871,0.07549236073847859
1,2.04,0.9061534580980289,0.11346942590611897,0.0746178961849726,0.28270275626184593,-0.647331794561698,-0.04328241242468589,4.798260950323305,4.800110854920537,0.9995065603657316,-0.03139525976465667,0.172338558823894,0.0746178961849726
1,2.06,0.911664953485946,0.10047516359963038,0.07376149745946503,0.2684741072682518,-0.6520924051455601,-0.04235746012607,4.812782787763748,4.8147023526441055,0.99888987496197,-0.04705415665925705,0.17138578489054432,0.07376149745946503
1,2.08,0.9168930760276647,0.08739161654641002,0.07292394608134542,0.2543649530219133,-0.656260330609999,-0.0413976776858912,4.827519627325576,4.829492852758253,0.9980267284282716,-0.06266661678215214,0.1705876400609133,0.07292394608134542
1,2.1,0.921840182858139,0.07423071769775301,0.07210585865479098,0.24037199508520993,-0.6598276463020217,-0.040411064969552934,4.842451858929301,4.844463716419451,0.996917333733128,-0.07821723252011537,0.16993221033440228,0.07210585865479098
1,2.12,0.9265085644647298,0.06100455085906123,0.07130769664285068,0.22649187176920588,-0.662787191092867,-0.03940513622447772,4.857559691456213,4.859596109508762,0.99556196460308,-0.09369065729286238,0.16940773151138666,0.07130769664285068
1,2.14,0.9309004436747368,0.04772533536400125,0.07052977600862387,0.21272118314637745,-0.6651325729533402,-0.03838692719820347,4.872823189926955,4.874871038063635,0.9939609554551797,-0.10907162069827125,0.16900270286716007,0.07052977600862387
1,2.16,0.9350179751290546,0.03440541064946673,0.0697722767053432,0.19905651465283597,-0.6668581732954022,-0.03736300312986385,4.888222310920819,4.890269382083002,0.9921147013144778,-0.12434494358242751,0.16870599014215557,0.0697722767053432
1,2.18,0.9388632452140249,0.02105722075550053,0.06903525199855683,0.18549445930807573,-0.6679591501320246,-0.036339467548772375,4.903736936372789,4.905771927832616,0.9900236577165575,-0.13949555301961464,0.1685069166957624,0.06903525199855683
1,2.2,0.942438272424089,0.007693298773338896,0.06831863760488051,0.17203163857798623,-0.6684314401026434,-0.03532197181885921,4.919346905875809,4.921359398769346,0.9876883405951377,-0.15450849718747386,0.16839534222298932,0.06831863760488051
1,2.22,0.945745008128344,-0.005673748736164557,0.06762226063297101,0.15866472190488848,-0.6682717594073219,-0.0343157253720906,4.935032047605184,4.937012485194047,0.9851093261547739,-0.16936896012264574,0.16836172891886883,0.06762226063297101
1,2.24,0.9487853377145616,-0.01903125733230136,0.06694584831347351,0.14539044492670863,-0.66747760368896,-0.033325506577659314,4.9507722079712355,4.95271187273295,0.9822872507286886,-0.18406227634233915,0.1683971953777663,0.06694584831347351
1,2.2600000000000002,0.9515610820846598,-0.0323665202717773,0.0662890365057289,0.132205626406101,-0.6660472468995831,-0.03235567419680219,4.9665472800952,4.968438269737571,0.9792228106217657,-0.1985739453173904,0.1684935588263054,0.0662890365057289
1,2.2800000000000002,0.9540739994760222,-0.04566680405350002,0.06565137797000471,0.11910718388938214,-0.6639797391838721,-0.03141017937561663,4.98233723119224,4.984172433683106,0.9759167619387474,-0.21288964578253633,0.16864336651032963,0.06565137797000471
1,2.3000000000000003,0.9563257875834521,-0.05891936391153604,0.06503235039494672,0.10609214811453861,-0.6612749038106734,-0.030492578130183356,4.9981221289348206,4.99989519663514,0.9723699203976766,-0.22699524986977354,0.1688399171949777,0.06503235039494672
1,2.32,0.9583180859569312,-0.0721114592374825,0.06443136417084465,0.093157676187313,-0.6579333331811996,-0.02960604428002378,5.013882166859105,5.015587489845208,0.9685831611286312,-0.2408768370508575,0.16907727380334667,0.06443136417084465
1,2.34,0.9600524786507321,-0.08523036891405696,0.06384776990017468,0.08030106354444616,-0.6539563839409975,-0.02875338278697226,5.0295976888673435,5.031230367526222,0.9645574184577982,-0.25452070787518544,0.16935026822606178,0.06384776990017468
1,2.36,0.9615304970998192,-0.09826340654223722,0.06328086563772962,0.06751975472354038,-0.649346171221473,-0.027937043457533117,5.045249212870045,5.046805029850373,0.9602936856769431,-0.2679133974894982,0.16965449929460016,0.06328086563772962
1,2.38,0.9627536231998708,-0.11119793554478923,0.0627299038534806,0.05481135295968673,-0.6441055620357925,-0.027159134967369325,5.060817453603226,5.062292845204009,0.9557930147983302,-0.2810416889260651,0.1699863248380859,0.0627299038534806
1,2.4,0.9637232925676644,-0.12402138412951079,0.06219409811213712,0.04217362862994865,-0.6382381678533025,-0.02642143916697781,5.076283344648398,5.077675371726747,0.9510565162951536,-0.2938926261462365,0.17034284864778693,0.06219409811213712
1,2.42,0.9644408979590025,-0.13672126009599764,0.06167262946418931,0.02960452656798363,-0.631748336376171,-0.02572542562780311,5.091628059677273,5.092934378156349,0.9460853588275454,-0.30645352682648813,0.1707219030654146,0.06167262946418931
1,2.44,0.964907792821815,-0.14928516547020945,0.061164652544028635,0.01710217227248589,-0.6246411425417022,-0.025072266388264874,5.106833032933937,5.108051863992609,0.9408807689542255,-0.3187119948743448,0.17112202779850322,0.061164652544028635
1,2.46,0.9651252949625664,-0.16170081095158348,0.0606693013715567,0.004664877034724615,-0.6169223787738046,-0.024462850858929186,5.121879978968042,5.123010078993029,0.9354440308298674,-0.33065593266182586,0.17154244545487235,0.0606693013715567
1,2.48,0.9650946903046129,-0.1739560301579123,0.06018569485450305,-0.0077088579878191385,-0.6085985445070693,-0.023897800846435557,5.136750911622539,5.1377915420046,0.9297764858882513,-0.34227355296434436,0.17198303418328703,0.06018569485450305
1,2.5,0.9648172367177216,-0.18603879365367476,0.059712941989484646,-0.020020338722853012,-0.5996768350071965,-0.023377485655405095,5.151428162279902,5.152379059135252,0.9238795325112867,-0.35355339059327373,0.1724442977124203,0.059712941989484646
1,2.52,0.9642941678985517,-0.19793722274798603,0.059250146760653294,-0.03227067612891021,-0.59016512951174,-0.022902037227729877,5.165894397367081,5.166755741265089,0.9177546256839813,-0.36448431371070567,0.17292733299766752,0.059250146760653294
1,2.54,0.9635266972825421,-0.20963960304881538,0.058796412735588735,-0.04446078510242916,-0.5800719787154622,-0.022471365278726174,5.180132635117821,5.1809050208958745,0.9114032766354453,-0.37505553481522974,0.17343379561695943,0.058796412735588735
1,2.56,0.9625160219683188,-0.22113439776060978,0.05835084735890448,-0.05659138431147105,-0.5694065916249219,-0.022085172389699426,5.194126261590095,5.194810668335849,0.9048270524660195,-0.3852566213878947,0.17396586300364142,0.05835084735890448
1,2.58,0.9612633266364559,-0.232410260712957,0.05791256594483926,-0.06866299691927114,-0.5581788218072508,-0.021742969016822378,5.207859045935942,5.208456807216487,0.8980275757606156,-0.3950775061878452,0.1745261955673671,0.05791256594483926
1,2.6,0.9597697874451806,-0.24345604910842425,0.05748069537090554,-0.0806759521588639,-0.5463991530583712,-0.021444088376549764,5.221315154921201,5.221827929337514,0.8910065241883679,-0.40450849718747367,0.17511789573307646,0.05748069537090554
1,2.62,0.958036575886402,-0.254260835978216,0.05705437747545611,-0.09263038771813875,-0.5340786845161742,-0.021187701168393303,5.23447916669335,5.23490890883701,0.8837656300886935,-0.4135402871372808,0.1757444649234196,0.05705437747545611
1,2.64,0.9560648625862797,-0.2648139223348074,0.056632772162806544,-0.10452625289289963,-0.5212291152443772,-0.020972830096563366,5.247336083796636,5.247685015684056,0.8763066800438635,-0.42216396275100765,0.1764097585210332,0.056632772162806544
1,2.66,0.9538558210354103,-0.2751048490112247,0.05621506022031238,-0.1163633124638448,-0.5078627283129173,-0.020798364152853188,5.25987134543525,5.260141928492505,0.8686315144381912,-0.4303710135019719,0.17711793887307006,0.05621506022031238
1,2.68,0.95141063123461,-0.2851234081771632,0.05580044585254159,-0.12814115125187575,-0.4939923744007972,-0.02066307262422551,5.2720708389869,5.272265746655771,0.8607420270039436,-0.4381533400219318,0.1778734264401283,0.05580044585254159
1,2.7,0.9487304832431916,-0.2948596545226501,0.05538815893840143,-0.13985917930480726,-0.4796314549472755,-0.020565618789789908,5.2839209107709895,5.28404300180408,0.8526401643540923,-0.4455032620941839,0.17868084924349076,0.05538815893840143
1,2.72,0.9458165806175918,-0.304303916100477,0.05497745701777109,-0.1515166376674039,-0.4647939048771902,-0.02050457327324462,5.295408376077823,5.295460668587211,0.844327925502015,-0.4524135262330099,0.1795449908261976,0.05497745701777109
1,2.74,0.9426701437291692,-0.31344680481914067,0.05456762701485313,-0.16311260468572683,-0.44949417492600996,-0.02047842701855085,5.306520528467012,5.306506174787663,0.8358073613682702,-0.4588773128419906,0.18047073701211813,0.05456762701485313
1,2.7600000000000002,0.9392924129509869,-0.3222792265785397,0.05415798670608537,-0.17464600279605277,-0.43374721358993557,-0.0204856038582254,5.3172451483457355,5.317167410770685,0.8270805742745617,-0.46488824294412573,0.18146302181960944,0.05415798670608537
1,2.7800000000000002,0.9356846517043879,-0.3307923910411781,0.05374788594104561,-0.1861156057481339,-0.4175684487260211,-0.020524472645750413,5.327570510839186,5.327432738279628,0.8181497174250234,-0.4704403844771127,0.1825267729587563,0.05374788594104561
1,2.8000000000000003,0.9318481493571857,-0.33897782103212115,0.05333670762533281,-0.19752004621231278,-0.400973768826857,-0.020593358925529492,5.337485392967724,5.337290998586526,0.8090169943749475,-0.47552825814757677,0.18366685740953004,0.05333670762533281
1,2.82,0.9277842239662961,-0.34682736156143534,0.05292386847491623,-0.20885782371999237,-0.3839795039938663,-0.02069055611612869,5.346979080147006,5.346731520009472,0.7996846584870906,-0.4801468428384715,0.18488802763818768,0.05292386847491623
1,2.84,0.923494224858649,-0.35433318846331957,0.05250881955190599,-0.2201273128871931,-0.36660240663271265,-0.020814336184895477,5.356041372028858,5.355744124809826,0.7901550123756905,-0.4842915805643155,0.18619486905672705,0.05250881955190599
1,2.86,0.9189795350452173,-0.36148781664659885,0.05209104659211292,-0.23132677187140263,-0.3488596318937189,-0.020962959794411318,5.364662587702393,5.364319135483407,0.78043040733833,-0.4879583809693736,0.18759174936137377,0.05209104659211292
1,2.88,0.9142415734639918,-0.3682841079517033,0.05167007013512977,-0.24245435101264043,-0.3307687178795543,-0.021134685903904216,5.3728335702757795,5.372447380461065,0.7705132427757893,-0.49114362536434436,0.18908277039773974,0.05167007013512977
1,2.9,0.9092817970486979,-0.374715278609693,0.05124544546797811,-0.25350810161060733,-0.3123475656417771,-0.021327780811261632,5.38054569086027,5.380120199234815,0.760405965600031,-0.49384417029756883,0.19067172319018236,0.05124544546797811
1,2.92,0.9041017026210092,-0.38077490629931543,0.0508167623936256,-0.26448598479096885,-0.29361441898712676,-0.021540526623989087,5.387790851978728,5.387329446926435,0.7501110696304597,-0.4960573506572389,0.1923620467399113,0.0508167623936256
1,2.94,0.8987028286049302,-0.3864569367984915,0.050383644835884346,-0.2753858804152125,-0.2745878441137587,-0.02177122915013585,5.394561490422007,5.394067498316406,0.7396310949786099,-0.49778098230154,0.19415679114068563,0.050383644835884346
1,2.96,0.8930867565629217,-0.39175569022702394,0.04994575029235362,-0.28620559599011913,-0.2552867090968874,-0.022018225202936725,5.400850579572694,5.400327251347494,0.7289686274214114,-0.4990133642141358,0.19605858548412258,0.04994575029235362
1,2.98,0.8872551125542008,-0.3966658668777048,0.04950276914716888,-0.29694287553466936,-0.23573016324274293,-0.022279889315536816,5.406651631228041,5.406102130129112,0.7181262977631888,-0.4997532801828658,0.19806961093151446,0.04950276914716888
1,3.0,0.8812095683164728,-0.40118255263336705,0.0490544238553635,-0.3075954083641872,-0.21593761632872022,-0.02255463986500128,5.4119586969328495,5.411386087448516,0.7071067811865476,-0.5,0.2001915792196698,0.0490544238553635
1,3.02,0.8749518422731356,-0.405301223967781,0.04860046801064181,-0.3181608377536211,-0.1959287177474106,-0.0228409446071679,5.4167663688538035,5.41617360681477,0.6959127965923144,-0.4997532801828658,0.20242571674951954,0.04860046801064181
1,3.04,0.868483700368735,-0.40901775252863903,0.04814068530830328,-0.3286367694441435,-0.17572333557122075,-0.0231373256266848,5.421069780213068,5.4204597040486195,0.6845471059286888,-0.4990133642141358,0.20477275428349528,0.04814068530830328
1,3.06,0.8618069567361438,-0.41232840930120385,0.047674888414947346,-0.3390207799596273,-0.15534153555383826,-0.023442363708908842,5.424864605302653,5.424239928434945,0.6730125135097733,-0.49778098230154,0.2072329221565266,0.047674888414947346
1,3.08,0.8549234741995811,-0.4152298683515131,0.04720291775643063,-0.34931042470204643,-0.13480356008422756,-0.023754702142762762,5.428147059099268,5.427510363453053,0.6613118653236519,-0.49605735065723894,0.2098059507912209,0.04720291775643063
1,3.1,0.8478351646181805,-0.41771921014834235,0.046724640235344304,-0.3595032457974183,-0.114129807108333,-0.024073049965870008,5.430913896498291,5.430267627099125,0.6494480483301838,-0.4938441702975689,0.2124910762050691,0.046724640235344304
1,3.12,0.8405439890753589,-0.4197939244634277,0.046239947889031074,-0.3695967796665403,-0.09334080903320895,-0.024396184665452902,5.433162411184186,5.432508871814242,0.6374239897486899,-0.49114362536434436,0.2152870501101176,0.046239947889031074
1,3.14,0.8330519579197245,-0.42145191284973954,0.0457487564988723,-0.3795885642974489,-0.07245721162788743,-0.02472295435042493,5.434890434153352,5.434231784030173,0.6252426563357051,-0.48795838096937366,0.21819215413617846,0.0457487564988723
1,3.16,0.8253611306636988,-0.4226914906978806,0.04525100416124791,-0.3894761461992327,-0.05149975293493632,-0.025052279412014378,5.436096331903896,5.435434583344141,0.6129070536529765,-0.48429158056431554,0.22120421765877515,0.04525100416124791
1,3.18,0.8174736157464035,-0.42351138887095924,0.044746649830208846,-0.3992570870195351,-0.03048924220635536,-0.025383153691892146,5.436779004305394,5.436116021332436,0.600420225325884,-0.48014684283847153,0.2243206386829992,0.044746649830208846
1,3.2,0.8093915701676966,-0.42391075491855795,0.044235671841506216,-0.4089289698107761,-0.009446538877201496,-0.025714645178370854,5.4369378821600485,5.436275380011745,0.5877852522924732,-0.4755282581475768,0.22753840722351096,0.044235671841506216
1,3.22,0.8011171990005057,-0.42388915387068277,0.043718066427197284,-0.4184894049327812,0.01160746840987011,-0.026045896252522627,5.436572924464651,5.43591246995494,0.5750052520432783,-0.47044038447711267,0.2308541306274614,0.043718066427197284
1,3.24,0.7926527547888359,-0.42344656861284297,0.04319384622959828,-0.42793603558211774,0.032651882716094024,-0.026376123507377947,5.4356846153855845,5.435027628071765,0.5620833778521305,-0.4648882429441256,0.23426406030879052,0.04319384622959828
1,3.2600000000000002,0.7840005368389894,-0.4225833998436676,0.042663038822881624,-0.4372665429409907,0.05366581964132412,-0.026704617164287625,5.434273960945739,5.433621715051377,0.5490228179981317,-0.45887731284199057,0.23776411939647876,0.042663038822881624
1,3.2800000000000002,0.7751628904116591,-0.4213004656167243,0.04212568525012406,-0.44647865094100503,0.07462842806896179,-0.027030740111468776,5.432342485437244,5.431696112479376,0.5358267949789967,-0.4524135262330098,0.24134993084288453,0.04212568525012406
1,3.3000000000000003,0.7661422058226239,-0.4195990004684628,0.041581838583105345,-0.4555701306394881,0.09551891080840663,-0.027353926590403144,5.429892227559887,5.429252719628108,0.5224985647159489,-0.44550326209418395,0.24501684558840453,0.041581838583105345
1,3.3200000000000003,0.7569409174597985,-0.41748065413446167,0.041031562511638385,-0.46453880420832916,0.11631654512217793,-0.0276736805562926,5.426925736289023,5.4262939499233145,0.5090414157503711,-0.4381533400219317,0.24875997043251233,0.041031562511638385
1,3.34,0.7475615027243692,-0.4149474898564119,0.04047492996868399,-0.47338254853744394,0.13700070312485713,-0.02798957373914701,5.423446066474522,5.422822727088291,0.49545866843240777,-0.430371013501972,0.2525741953163175,0.04047492996868399
1,3.36,0.738006480903685,-0.41200198228253126,0.03991202179696989,-0.48209929845699867,0.15755087204093515,-0.02830124343226259,5.419456774171355,5.418842480966042,0.4817536741017156,-0.42216396275100776,0.2564542197760239,0.03991202179696989
1,3.38,0.7282784119834714,-0.40864701496436057,0.039342925462298076,-0.4906870495844188,0.1779466743085642,-0.028608390034919107,5.41496191170132,5.41435714301915,0.4679298142605734,-0.4135402871372809,0.2603945783783481,0.039342925462298076
1,3.4,0.7183798954067945,-0.4048858774531545,0.03876773381818885,-0.4991438608039559,0.1981678875161088,-0.028910774376003867,5.409966022444509,5.409371141506362,0.45399049973954686,-0.4045084971874738,0.26438966499687033,0.03876773381818885
1,3.42,0.7083135687870344,-0.40072226199934374,0.038186543925978034,-0.5074678563881891,0.21819446415826854,-0.029208214845077296,5.404474135358319,5.403889396334544,0.4399391698559153,-0.3950775061878453,0.26843375583151036,0.038186543925978034
1,3.44,0.6980821065819217,-0.3961602598588099,0.037599455933957616,-0.5156572277722882,0.23800655119841574,-0.029500584356964565,5.3984917592211685,5.397917313584022,0.4257792915650729,-0.3852566213878948,0.2725210311113706,0.037599455933957616
1,3.46,0.6876882187354623,-0.3912043572099846,0.0370065720186326,-0.5237102349931617,0.2575845094236522,-0.02978780717553764,5.392024876597478,5.391460779705185,0.4115143586051087,-0.37505553481522974,0.2766455954538901,0.0370065720186326
1,3.48,0.6771346492943219,-0.3858594306860537,0.03640799539066038,-0.531625207806758,0.27690893257894933,-0.030069855621684183,5.385079937520045,5.384526155383802,0.3971478906347806,-0.3644843137107058,0.2808014968806007,0.03640799539066038
1,3.5,0.6664241750049664,-0.380130742526824,0.03580382936754548,-0.5394005464977705,0.29596066626659495,-0.030346746689805637,5.377663852885591,5.377120269072512,0.3826834323650899,-0.35355339059327384,0.2849827445120641,0.03580382936754548
1,3.52,0.6555596038975585,-0.37402393535508394,0.03519417651468398,-0.5470347223968334,0.31472082659703426,-0.03061853859634478,5.369783987559045,5.369250410185804,0.36812455268467814,-0.3422735529643445,0.28918332498211125,0.03519417651468398
1,3.54,0.6445437738623051,-0.36754502658257243,0.034579137855890875,-0.5545262781209745,0.33317081857706327,-0.030885327282965558,5.361448153182061,5.360924321955912,0.3534748437792574,-0.33065593266182614,0.2933972176248162,0.034579137855890875
1,3.56,0.6333795512236274,-0.36070040245094914,0.03395881215410082,-0.5618738275536233,0.35129235422121663,-0.031147242896039873,5.352664600681138,5.352150193947086,0.3387379202452913,-0.3187119948743448,0.29761840849717786,0.03395881215410082
1,3.58,0.6220698293171968,-0.353496811713446,0.03333329526250976,-0.5690760555808592,0.3690674703720841,-0.03140444626306571,5.343442012470928,5.342936654226003,0.32391741819814945,-0.30645352682648824,0.3018409033067866,0.03333329526250976
1,3.6,0.6106175270745406,-0.3459413589631642,0.03270267954602382,-0.5761317176008379,0.3864785462152025,-0.03165712538552812,5.3337894943484265,5.333292761186295,0.3090169943749475,-0.2938926261462367,0.30605873931735106,0.03270267954602382
1,3.62,0.5990255876195856,-0.33804149761427027,0.032067053372502596,-0.5830396388234449,0.403508320474097,-0.03190549196659409,5.323716567074031,5.32322799502554,0.29404032523230417,-0.28104168892606546,0.3102659963062837,0.032067053372502596
1,3.64,0.5872969768811624,-0.3298050225426326,0.03142650067292826,-0.5897987133772185,0.4201399082709959,-0.03214977799083962,5.313233157635785,5.312752248873511,0.2789911060392291,-0.26791339748949816,0.31445680664810016,0.03142650067292826
1,3.66,0.5754346822251574,-0.32124006239273034,0.030781100569300095,-0.5964079032404566,0.4363568176387114,-0.03239023237197658,5.30234959019361,5.301875819570877,0.2638730499653728,-0.2545207078751856,0.31862536459550583,0.030781100569300095
1,3.68,0.5634417111096583,-0.3123550715579566,0.0301309270687469,-0.6028662370131811,0.4521429656691743,-0.03262711768334314,5.291076576700739,5.290609398098167,0.24868988716485482,-0.24087683705085766,0.32276593482713195,0.0301309270687469
1,3.7,0.5513210897661166,-0.3031588218417279,0.029476048822067176,-0.609172808546294,0.46748269428412675,-0.032860706984629284,5.279425207200238,5.278964059655355,0.23344536385590553,-0.22699524986977349,0.3268728603271778,0.029476048822067176
1,3.72,0.539075861909218,-0.29366039380710135,0.02881652894465017,-0.6153267754438264,0.48236078561352574,-0.03309128075707102,5.267406939794974,5.266951253392965,0.21814324139654231,-0.2128896457825361,0.33094056965802926,0.02881652894465017
1,3.74,0.526709087477848,-0.2838691678228895,0.02815242489749871,-0.6213273574536635,0.4967624769672743,-0.03331912395807535,5.255033590290263,5.254582791796444,0.20278729535651233,-0.19857394531739017,0.3349635836824063,0.02815242489749871
1,3.7600000000000002,0.5142238414092324,-0.2737948148145487,0.027483788425868107,-0.6271738347615373,0.5106734753860046,-0.03354452320498502,5.242317321508893,5.2418708397259985,0.18738131458572457,-0.18406227634233893,0.33893652178695943,0.027483788425868107
1,3.7800000000000002,0.5016232124480453,-0.2634472867284022,0.026810665552853934,-0.6328655462024215,0.5240799717567564,-0.03376776409643234,5.229270632279235,5.228827903115051,0.17192910027940958,-0.1693689601226457,0.3428541076545596,0.026810665552853934
1,3.8000000000000003,0.48891030199200036,-0.2528368067180399,0.02613309662510437,-0.6384018874027522,0.5369686544795567,-0.033989128678524216,5.215906346097699,5.215466817330998,0.15643446504023098,-0.15450849718747384,0.34671117462798684,0.02613309662510437
1,3.8200000000000003,0.4760882229751814,-0.24197385906201493,0.025451116407700376,-0.6437823088661382,0.549326722671087,-0.03420889306187502,5.202237599467847,5.2018007352028945,0.14090123193758242,-0.1394955530196144,0.35050267070331914,0.025451116407700376
1,3.84,0.4631600987901229,-0.23086917882223165,0.024764754225138113,-0.6490063140144331,0.5611418988918419,-0.03442732519435132,5.188277829919047,5.187843114721305,0.12533323356430454,-0.12434494358242767,0.35422366318715687,0.024764754225138113
1,3.86,0.4501290622494201,-0.21953374125268837,0.02407403414526238,-0.6540734571952149,0.5724024413834248,-0.03464468279322197,5.174040763708681,5.173607706416493,0.10973431109104564,-0.10907162069827166,0.35786934304792045,0.02407403414526238
1,3.88,0.43699825458743813,-0.2079787509685038,0.023378975202937,-0.6589833416658831,0.5830971558029014,-0.034861211439315976,5.159540403212559,5.159108540421742,0.09410831331851435,-0.09369065729286234,0.3614350289878088,0.023378975202937
1,3.9,0.4237708245024916,-0.19621563088541316,0.022679591660196594,-0.6637356175637291,0.5932154064414328,-0.03507714283472463,5.144791014009218,5.144359913229575,0.07845909572784507,-0.07821723252011556,0.3649161712587023,0.022679591660196594
1,3.92,0.41044992723969015,-0.18425601094017344,0.021975893299603887,-0.668329979870485,0.602747126914743,-0.0352926932245462,5.129807111664561,5.129376374149207,0.06279051952931358,-0.06266661678215232,0.36830835524224054,0.021975893299603887
1,3.94,0.3970387237144813,-0.17211171660256167,0.021267885747536196,-0.6727661663790097,0.6116828303133359,-0.035508061982222894,5.114603448224238,5.11417271147459,0.04710645070964296,-0.047054156659257454,0.37160730481155213,0.021267885747536196
1,3.96,0.38354037967677845,-0.15979475718988875,0.0205555708241435,-0.6770439556689364,0.6200136188007653,-0.035723430357046726,5.099194998421985,5.098763938372924,0.031410759078128236,-0.03139525976465663,0.3748088854896606,0.0205555708241435
1,3.98,0.3699580649154334,-0.1473173139951801,0.01983894691675726,-0.6811631650972954,0.6277311926486772,-0.03593896038157707,5.083596945613065,5.08316527850447,0.01570731731182071,-0.01570537953906418,0.37790910741737815,0.01983894691675726
1,4.0,0.3562949525027005,-0.13469172824039655,0.019118009373582743,-0.6851236488093367,0.6348278586977916,-0.03615479393587451,5.0678246674427,5.067392151385114,1.2246467991473532e-16,-1.2246467991473532e-16,0.3809041281415657,0.019118009373582743
1,4.0200000000000005,0.34255421807824155,-0.12193048886628012,0.018392750914577323,-0.6889252957740247,0.6412965382344579,-0.0363710519646675,5.051893721260317,5.051460157503915,-0.015707317311820908,0.01570537953906438,0.38379025523290483,0.018392750914577323
1,4.04,0.32873903917214087,-0.10904622017061218,0.017663162056501966,-0.6925680278479576,0.6471307742729165,-0.036587833842868345,5.0358198292912,5.035385063208483,-0.031410759078127994,0.03139525976465639,0.3865639487408491,0.017663162056501966
1,4.0600000000000005,0.31485259456632825,-0.09605166930686303,0.01692923154923101,-0.696051797870792,0.6523247382339226,-0.03680521688422711,5.019618863577883,5.019182785371858,-0.047106450709642714,0.04705415665925721,0.38922182349212886,0.01692923154923101
1,4.08,0.3008980636937556,-0.08295969365539409,0.016190946820516344,-0.6993765877946208,0.6568732360109324,-0.03702325598723977,5.003306830704461,5.002869375855024,-0.06279051952931335,0.06266661678215209,0.3917606512380432,0.016190946820516344
1,4.1,0.28687862607462744,-0.06978324807954339,0.015448294426524362,-0.7025424068491722,0.6607717134156257,-0.03724198341195828,4.986899856317676,4.986461005779946,-0.07845909572784437,0.07821723252011487,0.3941773626548715,0.015448294426524362
1,4.12,0.27279746078895534,-0.056535372079084246,0.014701260505596546,-0.7055492897441714,0.6640162609951273,-0.03746140868082326,4.970414169459343,4.9699739496285105,-0.0941083133185141,0.0936906572928621,0.3964690492008957,0.014701260505596546
1,4.14,0.2586577459846829,-0.04322917685369331,0.013949831232825916,-0.7083972949097285,0.6666036182139083,-0.037681518596239694,4.953866086725363,4.953424569183402,-0.10973431109104496,0.10907162069827098,0.39863296483287824,0.013949831232825916
1,4.16,0.24446265842061607,-0.02987783228919824,0.013193993273191314,-0.7110865027752002,0.6685311769939801,-0.037902277367220516,4.937271996267176,4.936829297327319,-0.12533323356430429,0.12434494358242744,0.40066652758431487,0.013193993273191314
1,4.18,0.23021537304338724,-0.016494553879496467,0.012433734231147617,-0.7136170140866096,0.6697969846076505,-0.038123626837149316,4.920648341652135,4.920204621717542,-0.1409012319375822,0.13949555301961417,0.4025673210073029,0.012433734231147617
1,4.2,0.215919062597684,-0.003092589597144476,0.011669043094731667,-0.715988948262401,0.6703997459177808,-0.038345486804445605,4.90401160559981,4.903567068353244,-0.15643446504023073,0.1545084971874736,0.4043330954795712,0.011669043094731667
1,4.22,0.20157689726898,0.010314793274288844,0.010899910672409923,-0.7182024417870639,0.6703388249611762,-0.03856775542772872,4.887378293611716,4.886933185053305,-0.17192910027940933,0.1693689601226455,0.4059617693779086,0.010899910672409923
1,4.24,0.18719204435801637,0.023714321332930645,0.010126330021063293,-0.7202576466419625,0.6696142458714406,-0.03879030970693431,4.870764917512521,4.870319524862798,-0.18738131458572477,0.1840622763423391,0.4074514301190953,0.010126330021063293
1,4.26,0.17276766798629767,0.03709272826313433,0.009348296863675989,-0.7221547287725741,0.6682266931383519,-0.03901300603179603,4.854187978921072,4.853742629406596,-0.2027872953565121,0.19857394531738995,0.4088003350692644,0.009348296863675989
1,4.28,0.1583069288318825,0.050436768038539734,0.008565809995467688,-0.7238938665912602,0.666177511201542,-0.039235680789034055,4.837663952670103,4.837219012208804,-0.2181432413965425,0.21288964578253627,0.41000691232260467,0.008565809995467688
1,4.3,0.143812983894767,0.06373322811033463,0.0077788716773805125,-0.7254752495146564,0.6634687033770083,-0.03945815101968353,4.821209270193688,4.820765141996962,-0.23344536385590528,0.2269952498697733,0.41106976135024403,0.0077788716773805125
1,4.32,0.12928898629117777,0.07696894256736717,0.006987488016003212,-0.7268990765347956,0.6601029301157386,-0.039680215118046536,4.8048403029018925,4.804397426010136,-0.24868988716485502,0.24087683705085783,0.41198765352022715,0.006987488016003212
1,4.34,0.11473808507610779,0.09013080525475173,0.0061916693291835,-0.7281655548231397,0.6560835065944917,-0.03990165356392461,4.7885733455622095,4.788132193330107,-0.2638730499653726,0.2545207078751854,0.4127595324895038,0.0061916693291835
1,4.36,0.10016342509344406,0.10320578283761966,0.005391430496744494,-0.7292748983668088,0.6514143996395407,-0.04012222967997603,4.772424599707668,4.771985678255014,-0.2789911060392293,0.26791339748949833,0.4133845144689737,0.005391430496744494
1,4.38,0.08556814685304909,0.11618092779668983,0.0045867912958817,-0.7302273266364484,0.6461002239849655,-0.04034169040630331,4.756410157091514,4.755974003734787,-0.2940403252323039,0.28104168892606524,0.41386188836269183,0.0045867912958817
1,4.4,0.07095538643416714,0.12904339134237364,0.0037777767209719987,-0.7310230632853651,0.6401462378678506,-0.0405597670846668,4.740545983208546,4.740113164887691,-0.30901699437494773,0.2938926261462368,0.41419111578251677,0.0037777767209719987
1,4.42,0.05632827541453152,0.14178043623418415,0.0029644172876743895,-0.7316623348797857,0.6335583379635281,-0.04077617624509411,4.724847900903184,4.724419012617333,-0.3239174181981492,0.3064535268264881,0.4143718309395678,0.0029644172876743895
1,4.44,0.04168994082454971,0.15437944949228918,0.002146749321343255,-0.7321453696603457,0.6263430536647818,-0.04099062038801937,4.709331574082965,4.708907237347821,-0.3387379202452915,0.31871199487434493,0.41440384041405764,0.002146749321343255
1,4.46,0.02704350512593825,0.16682795498813416,0.0013248152299071498,-0.732472396335198,0.6185075407096519,-0.041202788755591135,4.6940124915660455,4.6935933529049425,-0.35347484377925714,0.33065593266182597,0.414287122805172,0.0013248152299071498
1,4.48,0.012392086214168312,0.1791136259011643,0.0004986637614898121,-0.7326436429054312,0.6100595741635997,-0.04141235808614263,4.678905951060678,4.67849268053971,-0.3681245526846783,0.34227355296434464,0.41402182826287987,0.0004986637614898121
1,4.5,-0.0022612025559338254,0.19122429702878993,-0.0003316497528378776,-0.7326593355238075,0.6010075407616757,-0.04161899334662633,4.664027043326408,4.66362033314373,-0.38268343236508967,0.3535533905932737,0.4136082779036671,0.0003316497528378776
1,4.5200000000000005,-0.016913252322110904,0.20314797693687098,-0.0011660631706837937,-0.7325196973881678,0.5913604306183123,-0.041822348437965284,4.649390636513598,4.648991199651007,-0.3971478906347808,0.36448431371070594,0.413046963112389,0.0011660631706837937
1,4.54,-0.03156095864483313,0.21487285993814778,-0.0020045073237560515,-0.7322249476711922,0.5811278283121881,-0.042022066869260466,4.635011360709956,4.634619929654054,-0.4115143586051085,0.3750555348152296,0.41233854473254117,0.0020045073237560515
1,4.5600000000000005,-0.04620122141643801,0.2263873378862055,-0.002846905816420769,-0.731775300488555,0.5703199033547406,-0.0422177823972113,4.62090359271161,4.620520918250373,-0.42577929156507266,0.3852566213878946,0.4114838521474468,0.002846905816420769
1,4.58,-0.06083094475004287,0.23768001177273734,-0.0036931748366711807,-0.7311709639078677,0.5589474000515777,-0.042409119627829894,4.607081441037446,4.6067082911367105,-0.4399391698559151,0.39507750618784515,0.4104838822549292,0.0036931748366711807
1,4.6000000000000005,-0.07544703684907278,0.24873970311606483,-0.004543222978731454,-0.7304121390011482,0.5470216267667681,-0.04259569457819745,4.593558731205116,4.593195889968092,-0.4539904997395471,0.4045084971874739,0.40933979833821793,0.004543222978731454
1,4.62,-0.09004640985830464,0.259555465129079,-0.005396951076480523,-0.7294990189439005,0.534554444600701,-0.04277711519670946,4.580348991286761,4.579997257998194,-0.4679298142605732,0.4135402871372808,0.4080529288358877,0.005396951076480523
1,4.64,-0.10462597969739351,0.27011659365498847,-0.006254252046857547,-0.7284317881642223,0.5215582554929098,-0.04295298184099294,4.5674654377619905,4.567125626017275,-0.481753674101715,0.42216396275100737,0.40662476601375414,0.006254252046857547
1,4.66,-0.11918266587791841,0.28041263785949416,-0.0071150107424009824,-0.7272106215456765,0.5080459897619378,-0.0431228877133506,4.554920961685385,4.554593898603302,-0.49545866843240755,0.4303710135019718,0.4050569645416757,0.0071150107424009824
1,4.68,-0.13371339130506293,0.2904334106682588,-0.00797910381207841,-0.7258356836879639,0.4940310930949951,-0.04328641925439214,4.542728115185079,4.542414640701588,-0.5090414157503709,0.43815334002193157,0.4033513399782772,0.00797910381207841
1,4.7,-0.14821508206512943,0.3001689989388015,-0.008846399569583706,-0.7243071282297198,0.4795275130008064,-0.043443156496137614,4.530899098308756,4.530600064547661,-0.5224985647159488,0.4455032620941839,0.4015098671666042,0.008846399569583706
1,4.72,-0.1626846672001746,0.30960977335622136,-0.00971675786831193,-0.7226250972380116,0.46454968473968766,-0.04359267337668482,4.519445746232614,4.519162016947644,-0.5358267949789964,0.4524135262330097,0.39953467854367963,0.00971675786831193
1,4.74,-0.1771190784711483,0.31874639804244076,-0.010590029982270476,-0.7207897206693499,0.4491125167455011,-0.04373453801916971,4.508379516848566,4.508111966930008,-0.5490228179981318,0.4588773128419906,0.39742806236690575,0.010590029982270476
1,4.76,-0.19151525011101542,0.3275698398689593,-0.011466058492246663,-0.718801115907225,0.4332313755547418,-0.043868312978449064,4.497711478744223,4.497460993781906,-0.5620833778521303,0.46488824294412556,0.3951924608601093,0.011466058492246663
1,4.78,-0.20587011856944307,0.3360713774634187,-0.012344677176627229,-0.7166593873813537,0.4169220702585806,-0.04399355545960748,4.487452299589726,4.48721977548302,-0.5750052520432785,0.4704403844771127,0.39283046828191986,0.012344677176627229
1,4.8,-0.22018062225074023,0.3442426099006013,-0.013225710906352908,-0.7143646262739572,0.4002008364942501,-0.0441098175129605,4.477612234944969,4.477398577549181,-0.587785252292473,0.47552825814757677,0.39034482891892885,0.013225710906352908
1,4.82,-0.2344437012468442,0.35207546506881926,-0.014108975543591059,-0.7119169103184891,0.38308431999269676,-0.04421664621085453,4.468201117500106,4.468007242297692,-0.6004202253258842,0.4801468428384716,0.3877384350058596,0.014108975543591059
1,4.84,-0.24865629706725773,0.35956220770299324,-0.014994277843820219,-0.7093163036962965,0.3655895596999384,-0.04431358381206152,4.459228346761724,4.459055178545725,-0.6129070536529763,0.4842915805643155,0.3850143245746152,0.014994277843820219
1,4.86,-0.2628153523679503,0.3666954470760744,-0.015881415361141443,-0.7065628570367168,0.34773397049006277,-0.04440016792006085,4.45070287919651,4.450551351752808,-0.6252426563357052,0.4879583809693737,0.38217567923370804,0.015881415361141443
1,4.88,-0.276917810681347,0.3734681443408264,-0.01677017635676117,-0.7036566075260939,0.3295353254882802,-0.04447593164191177,4.442633218843639,4.442504274617879,-0.6374239897486896,0.4911436253643443,0.3792258218790635,0.01677017635676117
1,4.9,-0.29096061614963764,0.3798736195143581,-0.017660339710728206,-0.700597579131131,0.3110117380228942,-0.044540403754791735,4.435027408406548,4.434921998141077,-0.6494480483301839,0.4938441702975689,0.37616821433665837,0.017660339710728206
1,4.92,-0.3049407132637456,0.3859055580981764,-0.0185516748371514,-0.697385782941893,0.29218164322549134,-0.044593108887527655,4.427893020834706,4.427812103160335,-0.6613118653236517,0.4960573506572389,0.37300645493674695,0.0185516748371514
1,4.94,-0.31885504661040187,0.39155801732692286,-0.01944394160327381,-0.6940212176396167,0.2730637792990777,-0.04463356772471305,4.421237151402402,4.421181692369653,-0.6730125135097734,0.49778098230154,0.3697442760186805,0.01944394160327381
1,4.96,-0.3327005606298692,0.3968254320393522,-0.020336890252931818,-0.6905038700942884,0.25367716847418453,-0.044661297241087694,4.41506641030013,4.415037382834493,-0.6845471059286887,0.4990133642141358,0.36638554136438356,0.020336890252931818
1,4.98,-0.3464741993869598,0.4017026201655188,-0.021230261335081758,-0.6868337160967015,0.2340410976735935,-0.04467581097390638,4.409386915738169,4.409385299003876,-0.6959127965923146,0.4997532801828658,0.3629342435575398,0.021230261335081758
1,5.0,-0.36017290635808025,0.4061847878245497,-0.02212378563823135,-0.6830107212294183,0.2141750989063272,-0.04467661934105294,4.404204287577337,4.40423106623455,-0.7071067811865475,0.5,0.3593945012643061,0.02212378563823135
1,5.0200000000000005,-0.37379362423712315,0.4102675340278031,-0.023017184131766344,-0.6790348418807179,0.19409892941215862,-0.04466323001244665,4.3995236414915615,4.399579804832175,-0.7181262977631889,0.49975328018286574,0.35577055643003475,0.023017184131766344
1,5.04,-0.3873332947631022,0.4139468549826354,-0.023910167915312208,-0.674906026405228,0.1738325515780888,-0.044635148342139774,4.395349583669758,4.395436124617719,-0.7289686274214113,0.4990133642141358,0.35206677138489867,0.023910167915312208
1,5.0600000000000005,-0.4007888585724978,0.41721914799243576,-0.0248024381774152,-0.6706242164345043,0.1533961126485496,-0.044591877868159435,4.391686206063642,4.39180412002637,-0.7396310949786097,0.49778098230154,0.34828762584958856,0.0248024381774152
1,5.08,-0.4141572550793406,0.42008121494902134,-0.025693686164964747,-0.6661893483403472,0.13280992425136057,-0.04453292088679539,4.388537082187422,4.388687365745977,-0.7501110696304595,0.49605735065723894,0.3444377138302382,0.025693686164964747
1,5.1000000000000005,-0.42743542238611026,0.422530265413932,-0.02658359316490788,-0.6616013548531162,0.11209444176171289,-0.044457779107517914,4.385905263476611,4.386088912903248,-0.7604059656000312,0.49384417029756883,0.34052174038954686,0.02658359316490788
1,5.12,-0.4406202972285679,0.42456391928561055,-0.027471830499925055,-0.65686016683674,0.09127024352674515,-0.04436595439419955,4.3837932762046155,4.384011285798066,-0.7705132427757894,0.4911436253643443,0.33654451827856685,0.027471830499925055
1,5.14,-0.45370881495766663,0.42618020904990517,-0.028358059539841794,-0.6519657152215104,0.07035800997323052,-0.04425694959747417,4.382203118969532,4.382456479199222,-0.7804304073383292,0.4879583809693739,0.3325109644109007,0.028358059539841794
1,5.16,-0.4666979095617021,0.4273775816117872,-0.029241931730642826,-0.6469179330950954,0.04937850262137886,-0.04413026948262899,4.38113626075594,4.381425956208178,-0.7901550123756904,0.48429158056431554,0.3284260961580054,0.029241931730642826
1,5.18,-0.4795845137318643,0.4281548997066374,-0.03012308864303422,-0.6417167579515098,0.02835254302794728,-0.04398542175651021,4.380593639566135,4.380920646687557,-0.7996846584870905,0.48014684283847153,0.3242950274409718,0.03012308864303422
1,5.2,-0.4923655589743417,0.42851144288991794,-0.031001162042557314,-0.6363621340970653,0.007300991681632854,-0.04382191819579917,4.380575661631083,4.380940946265946,-0.8090169943749473,0.4755282581475768,0.32012296459054096,0.031001162042557314
1,5.22,-0.5050379757721005,0.42844690810450853,-0.03187577398329898,-0.6308540152115517,-0.013755273125893763,-0.043639275878367356,4.3810822012017985,4.381486715921904,-0.8181497174250233,0.47044038447711284,0.315915201943153,0.03187577398329898
1,5.24,-0.5175986937994187,0.4279614098254535,-0.0327465369272658,-0.6251923670621068,-0.03479537642993938,-0.04343701851831472,4.382112600923025,4.382557282151196,-0.8270805742745616,0.46488824294412584,0.311677117136637,0.0327465369272658
1,5.26,-0.5300446421921962,0.427055479782335,-0.03361305389149124,-0.619377170366409,-0.05579846770029727,-0.04321467790422939,4.383665672790573,4.384151437720807,-0.83580736136827,0.45887731284199074,0.3074141660646484,0.03361305389149124
1,5.28,-0.542372749876986,0.42573006625995513,-0.034474918624924654,-0.6134084238009748,-0.07674374190286032,-0.04297179543911234,4.3857396996930555,4.386267443012679,-0.8443279255020153,0.4524135262330096,0.30313187744425013,0.034474918624924654
1,5.3,-0.5545799459615997,0.42398653297847994,-0.03533171581710878,-0.6072861471494719,-0.09761046049188893,-0.04270792377930055,4.388332437537971,4.388903027959448,-0.8526401643540918,0.4455032620941842,0.29883584694614324,0.03533171581710878
1,5.32,-0.5666631601900263,0.4218266575546663,-0.03618302134058741,-0.6010103845850681,-0.11837797230952524,-0.04242262856856216,4.391441117961483,4.392055394573864,-0.8607420270039438,0.4381533400219317,0.2945317308320866,0.03618302134058741
1,5.34,-0.5786193234642801,0.4192526295462604,-0.03702840252889674,-0.5945812080799304,-0.1390257343692157,-0.04211549026237138,4.395062451620471,4.395721220072763,-0.8686315144381913,0.43037101350197177,0.2902252390390521,0.03702840252889674
1,5.36,-0.5904453684356415,0.41626704808212156,-0.03786741849188271,-0.5879987209340776,-0.15953333249981286,-0.04178610603622557,4.399192632064578,4.399896660595659,-0.8763066800438636,0.42216396275100754,0.28592212764489766,0.03786741849188271
1,5.38,-0.6021382301675924,0.41287291908108953,-0.03869962046995181,-0.5812630614148669,-0.1798805018272739,-0.04143409177068491,4.403827340185183,4.4045773555171195,-0.8837656300886934,0.41354028713728097,0.2816281906458268,0.03869962046995181
1,5.4,-0.6136948468725634,0.40907365206307195,-0.03952455222870582,-0.5743744064974871,-0.2000471470710607,-0.04105908410471659,4.408961749237299,4.409758432351162,-0.8910065241883678,0.40450849718747384,0.2773492509720245,0.03952455222870582
1,5.42,-0.625112160724409,0.40487305655628464,-0.04034175049523084,-0.5673329756959113,-0.2200133626325727,-0.04066074254778529,4.414590530429509,4.415434512244831,-0.8980275757606155,0.3950775061878453,0.2730911506647652,0.04034175049523084
1,5.44,-0.636387118748305,0.40027533810502886,-0.041150745437109934,-0.560139034972876,-0.23975945245321587,-0.04023875164012425,4.420707859075969,4.421599716057127,-0.9048270524660198,0.3852566213878943,0.2688597401363779,0.041150745437109934
1,5.46,-0.6475166737895282,0.39528509388283284,-0.041951061185006626,-0.5527929007165664,-0.25926594962002536,-0.03979282314954513,4.427307421303635,4.428247671018134,-0.9114032766354451,0.3750555348152301,0.26466086643406184,0.041951061185006626
1,5.48,-0.6584977855623197,0.3899073079162248,-0.042742216399425034,-0.5452949437708452,-0.27851363569712095,-0.03932269829229573,4.434382421306582,4.435371517962124,-0.9177546256839813,0.3644843137107055,0.2605003604301588,0.042742216399425034
1,5.5,-0.6693274217797663,0.38414734592483335,-0.04352372488199324,-0.5376455935050356,-0.2974835597616828,-0.03882814996452477,4.441925589138453,4.442963919127075,-0.9238795325112865,0.35355339059327423,0.25638402286550843,0.04352372488199324
1,5.5200000000000005,-0.6800025593653402,0.3780109497839342,-0.044295096231340626,-0.529845341908494,-0.3161570571235877,-0.038308984970213955,4.449929189032634,4.451017066511692,-0.9297764858882515,0.3422735529643442,0.25231760917960827,0.044295096231340626
1,5.54,-0.6905201857464422,0.3715042316159729,-0.04505583654334961,-0.5218947476944709,-0.33451576770835295,-0.03776504623068477,4.458385028238914,4.4595226907797025,-0.9354440308298674,0.33065593266182586,0.24830681307184668,0.04505583654334961
1,5.5600000000000005,-0.7008773002299719,0.3646336675179967,-0.045805449155259366,-0.5137944403970802,-0.35254165408358074,-0.037196214960290575,4.467284466363919,4.468472070699759,-0.9408807689542255,0.3187119948743449,0.24435724875285467,0.045805449155259366
1,5.58,-0.7110709154596164,0.35740609093231657,-0.046543435432785975,-0.5055451244445732,-0.3702170191096989,-0.03660241279237064,4.476618425201673,4.477856043107899,-0.9460853588275453,0.3064535268264883,0.24047443186437925,0.046543435432785975
1,5.6000000000000005,-0.7210980589542163,0.3498286856680998,-0.047269295599102264,-0.497147583191562,-0.38752452319643477,-0.035983603839257916,4.486377399039287,4.487665013378035,-0.9510565162951535,0.2938926261462367,0.2366637590706635,0.047269295599102264
1,5.62,-0.7309557747262038,0.34190897858195773,-0.04798252960419368,-0.488602682892356,-0.40444720114715155,-0.03533979666988374,4.496551465421745,4.497888966384572,-0.95579301479833,0.2810416889260655,0.23293048635441693,0.04798252960419368
1,5.64,-0.7406411249787572,0.3336548319259414,-0.04868263803277722,-0.47991137659717487,-0.4209684785739084,-0.03467104618847017,4.507130296358517,4.508517477939763,-0.960293685676943,0.2679133974894986,0.22927970608632434,0.04868263803277722
1,5.66,-0.7501511918799425,0.32507443537169634,-0.0493691230486404,-0.47107470795268863,-0.43707218786688246,-0.03397745539784747,4.518103169953713,4.519539726687147,-0.964557418457798,0.25452070787518605,0.22571632297865948,0.0493691230486404
1,5.68,-0.7594830794117399,0.31617629771984274,-0.05004148937293018,-0.46209381488811335,-0.4527425837026016,-0.03325917703113068,4.529458982440345,4.530944506430949,-0.968583161128631,0.2408768370508581,0.22224502908063096,0.05004148937293018
1,5.7,-0.7686339152914787,0.3069692383039536,-0.05069924529359978,-0.4529699331679693,-0.4679643580762892,-0.032516415035828916,4.541186260598386,4.542720238880096,-0.9723699203976767,0.22699524986977315,0.21887027802491396,0.05069924529359978
1,5.72,-0.7776008529628243,0.2974623780987855,-0.05134190370290781,-0.4437043997925869,-0.48272265484449967,-0.03174942589497387,4.55327317453529,4.554854986784361,-0.9759167619387472,0.21288964578253697,0.21559625879031938,0.05134190370290781
1,5.74,-0.7863810736530815,0.28766513054268616,-0.051968983159561936,-0.43429865622753355,-0.49700308376513297,-0.03095851977043862,4.56570755080685,4.567336467438868,-0.9792228106217657,0.19857394531739023,0.21242686930317262,0.051968983159561936
1,5.76,-0.7949717884932086,0.27758719208435034,-0.052580008971810616,-0.42475425144333134,-0.5107917340228476,-0.030144061454429383,4.578476885855509,4.580152066532369,-0.9822872507286887,0.184062276342339,0.20936569025760143,0.052580008971810616
1,5.78,-0.8033702406965622,0.2672385324643269,-0.05317451429751491,-0.41507284474714784,-0.5240751872288385,-0.02930647111599949,4.5915683597426336,4.593288852313624,-0.9851093261547739,0.16936896012264577,0.2064159595901701,0.05317451429751491
1,5.8,-0.8115737077920328,0.25662938474188984,-0.053752041256979945,-0.40525620838856924,-0.5368405298849099,-0.028446224830504074,4.604968850150678,4.606733590049573,-0.9876883405951377,0.1545084971874739,0.20358054809405082,0.053752041256979945
1,5.82,-0.8195795039068787,0.2457702350780789,-0.054312142054095555,-0.3953062299221101,-0.5490753653027398,-0.027563854881056726,4.618664946630847,4.620472756748276,-0.9900236577165575,0.1394955530196149,0.2008619366991294,0.054312142054095555
1,5.84,-0.8273849820942252,0.23467181228588643,-0.05485438010112954,-0.3852249143097755,-0.5607678249702023,-0.026659949822342432,4.632642965071469,4.6344925561191435,-0.9921147013144778,0.12434494358242774,0.19826219597364866,0.05485438010112954
1,5.86,-0.8349875366998682,0.22334507715872132,-0.05537833114233802,-0.37501438574777124,-0.5719065793575794,-0.025735154298505036,4.646888962362368,4.648778933742644,-0.9939609554551797,0.10907162069827084,0.19578296841699505,0.05537833114233802
1,5.88,-0.8423846057627167,0.21180121158841406,-0.05588358437140674,-0.36467688920235225,-0.5824808481574469,-0.024790168608367025,4.661388751230273,4.663317592421516,-0.99556196460308,0.09369065729286284,0.19342545410910061,0.05588358437140674
1,5.9,-0.8495736734429116,0.2000516074841419,-0.05636974353761787,-0.3542147916408061,-0.5924804099529557,-0.02382574801274584,4.6761279152206905,4.678094007685479,-0.996917333733128,0.07821723252011517,0.19119040025742337,0.05636974353761787
1,5.92,-0.8565522724713966,0.18810785550374975,-0.05683642803554884,-0.3436305829446863,-0.6018956113101431,-0.02284270178035175,4.6910918238017825,4.693093443421691,-0.9980267284282716,0.06266661678215195,0.1890780951361173,0.05683642803554884
1,5.94,-0.8633179866144657,0.1759817336090205,-0.05728327397305634,-0.33292687649363006,-0.6107173752907966,-0.021841891970397653,4.706265647566394,4.7083009676034555,-0.99888987496197,0.04705415665925707,0.18708836684370664,0.05728327397305634
1,5.96,-0.8698684531465934,0.16368519545650992,-0.05770993521227899,-0.3221064094094169,-0.6189372093832393,-0.02082423195186711,4.7216343735087944,4.723701468090261,-0.9995065603657316,0.031395259764656694,0.18522058721620396,0.05770993521227899
1,5.98,-0.8762013653246634,0.15123035863560544,-0.058116084378409,-0.3111720424513361,-0.6265472128492212,-0.019790684661133873,4.737182820353547,4.739279668472866,-0.9998766324816606,0.01570537953906424,0.18347368112476667,0.058116084378409
1,6.0,-0.8823144748565428,0.1386294927654969,-0.058501413831035076,-0.30012675955542956,-0.6335400834858681,-0.018742260601474103,4.7528956539146625,4.7550201439380375,-1.0,1.8369701987210297e-16,0.18184614126428475,0.058501413831035076
1,6.0200000000000005,-0.8882055943568207,0.12589500746276092,-0.05886563659294768,-0.28897366701175,-0.6399091238023572,-0.017680015589786602,4.768757402464242,4.770907337128512,-0.9998766324816606,-0.01570537953906476,0.18033604840670722,0.05886563659294768
1,6.04,-0.8938725997824262,0.11303944019126073,-0.059208487231422066,-0.27771599227541705,-0.6456482466116579,-0.016605048257651744,4.7847524720907915,4.786925573974859,-0.9995065603657316,-0.031395259764656326,0.17894109695615235,0.059208487231422066
1,6.0600000000000005,-0.8993134328407747,0.10007544400605031,-0.059529722687154764,-0.26635708240895106,-0.650751980038288,-0.015518497315618052,4.800865162028666,4.803059079477185,-0.9988898749619699,-0.04705415665925759,0.1776586255081602,0.059529722687154764
1,6.08,-0.904526103363058,0.08701577520294689,-0.05982912304622453,-0.25490040215511045,-0.655215471943593,-0.01442153859135853,4.817079679941213,4.819291993416102,-0.9980267284282716,-0.06266661678215159,0.17648565198895433,0.05982912304622453
1,6.1000000000000005,-0.9095086916352961,0.07387328088540114,-0.060106492250677254,-0.24334953164123885,-0.6590344937705468,-0.013315381853914121,4.83338015714163,4.835608385973635,-0.996917333733128,-0.07821723252011568,0.17541891283821295,0.060106492250677254
1,6.12,-0.9142593506798066,0.060660886460249766,-0.06036165874359552,-0.2317081637179318,-0.6622054438105183,-0.012201267437911834,4.849750663736865,4.851992273246472,-0.99556196460308,-0.09369065729286248,0.17445490560521873,0.06036165874359552
1,6.140000000000001,-0.9187763084798222,0.04739158307388258,-0.060594476044805716,-0.2199801009366481,-0.6647253498948158,-0.01108046268310836,4.866175223681196,4.868427632635536,-0.9939609554551797,-0.10907162069827135,0.17358993425730568,0.060594476044805716
1,6.16,-0.9230578701400981,0.03407841500029687,-0.06080482325369619,-0.20816925217270466,-0.666591871514146,-0.00995425820593876,4.88263782972777,4.884898418097411,-0.9921147013144779,-0.12434494358242738,0.1728201564531094,0.06080482325369619
1,6.18,-0.9271024199764961,0.020734466992446424,-0.060992605475966764,-0.19627962890189346,-0.6678033013693819,-0.008823964021118402,4.899122458267528,4.901388575244932,-0.9900236577165575,-0.13949555301961453,0.1721416320121509,0.060992605475966764
1,6.2,-0.9309084235277165,0.007372851608222706,-0.06115775417150211,-0.18431534114073392,-0.6683585663572397,-0.007690905532416248,4.915613084046509,4.917882056285903,-0.9876883405951378,-0.15450849718747353,0.1715503718156772,0.06115775417150211
1,6.22,-0.9344744294825662,-0.005993303477667905,-0.061300227420953465,-0.17228059306210677,-0.6682572279946186,-0.006556419412719339,4.9320936947538785,4.9343628347904716,-0.985109326154774,-0.16936896012264543,0.17104238639934474,0.061300227420953465
1,6.24,-0.9377990715164025,-0.019350868164742914,-0.06142001010902488,-0.16017967829970003,-0.6674994822854631,-0.005421849394422806,4.948548305474221,4.950814920279459,-0.9822872507286887,-0.18406227634233863,0.17061373354296844,0.06142001010902488
1,6.26,-0.9408810700306782,-0.03268672260958844,-0.06151711402288715,-0.14801697495631574,-0.6660861590340645,-0.004288541991803618,4.964960972999022,4.967222372627349,-0.9792228106217659,-0.1985739453173899,0.17026056422220026,0.06151711402288715
1,6.28,-0.9437192337898291,-0.045987769889478364,-0.06159157786458159,-0.13579694033263098,-0.6640187206087452,-0.0031578421776402577,4.981315809993283,4.983569316275199,-0.9759167619387473,-0.21288964578253664,0.16997916635729862,0.06159157786458159
1,6.3,-0.9463124614500921,-0.059240948635815034,-0.06164346717672481,-0.12352410539446361,-0.6612992601598515,-0.0020310890366820322,4.997596999014346,4.999839954250176,-0.9723699203976768,-0.22699524986977282,0.16976600587072346,0.06164346717672481
1,6.32,-0.9486597429752165,-0.07243324562651667,-0.06167287418127929,-0.11120306899795387,-0.6579304992959452,-0.0009096114187666648,5.013788806380944,5.016018581989538,-0.9685831611286311,-0.24087683705085777,0.16961776464405542,0.06167287418127929
1,6.34,-0.9507601609344335,-0.08555170832655393,-0.06167991753161166,-0.09883849189332647,-0.6539157852220191,0.00020527638553036187,5.029875595891289,5.03208960096826,-0.9645574184577981,-0.2545207078751857,0.16953137504200091,0.06167991753161166
1,6.36,-0.9526128916784707,-0.09858345736591373,-0.061664741978516194,-0.08643509052903543,-0.6492590873434855,0.001312278924015975,5.045841842389706,5.048037532130322,-0.9602936856769431,-0.2679133974894983,0.16950405074423353,0.061664741978516194
1,6.38,-0.9542172063898481,-0.11151569894434228,-0.0616275179513328,-0.07399763067910826,-0.6439649933395991,0.0024101237943240372,5.061672145181929,5.063847029124739,-0.9557930147983301,-0.2810416889260652,0.16953331369209848,0.0616275179513328
1,6.4,-0.9555724720041547,-0.12433573715229194,-0.06156844105573227,-0.06153092091738811,-0.6380387047098889,0.003497565765728905,5.077351241299538,5.079502891348032,-0.9510565162951536,-0.2938926261462364,0.16961701701560034,0.06156844105573227
1,6.42,-0.9566781519994899,-0.1370309861975669,-0.061487731490175224,-0.04903980596311888,-0.6314860317970862,0.004573390789975762,5.092864018614176,5.094990076795271,-0.9460853588275454,-0.306453526826488,0.16975336385574816,0.061487731490175224
1,6.44,-0.9575338070517434,-0.14958898252723163,-0.06138563338347023,-0.03652915992292184,-0.624313388289971,0.0056364198805233245,5.108195528803367,5.110293714723557,-0.9408807689542253,-0.31871199487434526,0.16994092203833466,0.06138563338347023
1,6.46,-0.9581390955539002,-0.16199739683441372,-0.06126241405625881,-0.024003879454667296,-0.6165277852094578,0.006685512840618579,5.123331000166656,5.125399118128219,-0.9354440308298675,-0.3306559326618256,0.17017863458811275,0.06126241405625881
1,6.48,-0.9584937739980638,-0.1742440459396996,-0.06111836320963863,-0.011468876879059777,-0.6081368243813088,0.007719571821399929,5.138255850295727,5.140291796038493,-0.9297764858882512,-0.3422735529643446,0.17046582609815727,0.06111836320963863
1,6.5,-0.9585976972194141,-0.18631690453688787,-0.0609537920444968,0.001070926735094662,-0.5991486913987166,0.008737544692782984,5.152955698596949,5.154957465633003,-0.9238795325112866,-0.35355339059327395,0.17080220498924623,0.0609537920444968
1,6.5200000000000005,-0.9584508185018332,-0.19820411679293096,-0.06076903231546087,0.013610608485956984,-0.5895721480781277,0.009738428210810057,5.167416378667217,5.169382064179059,-0.9177546256839811,-0.3644843137107059,0.17118786171011602,0.06076903231546087
1,6.54,-0.9580531895454514,-0.20989400779196396,-0.06056443532368546,0.02614525052822223,-0.5794165244116904,0.010721270966731145,5.181623950522676,5.183551760798178,-0.9114032766354452,-0.3750555348152298,0.171623262942901,0.06056443532368546
1,6.5600000000000005,-0.9574049602968803,-0.2213750948133874,-0.06034037085297333,0.03866994691163819,-0.5686917100198237,0.011685176104482164,5.195564712679289,5.197452968059865,-0.9048270524660196,-0.3852566213878946,0.1721092418909031,0.06034037085297333
1,6.58,-0.9565063786434062,-0.23263609843404248,-0.0600972260539808,0.05117981034336447,-0.5574081451075414,0.012629303794770341,5.209225214083618,5.211072353405292,-0.8980275757606156,-0.3950775061878451,0.17264698473950083,0.0600972260539808
1,6.6000000000000005,-0.9553577899729133,-0.24366595344459183,-0.059835404281477024,0.0636699788496376,-0.5455768109283567,0.013552873455607295,5.222592265891368,5.224396850401655,-0.8910065241883679,-0.4045084971874736,0.173238013397043,0.059835404281477024
1,6.62,-0.9539596366017913,-0.2544538195702977,-0.059555323889813445,0.07613562231292047,-0.5332092197598224,0.014455165710750895,5.235652953090419,5.23741366982734,-0.8837656300886936,-0.41354028713728075,0.17388416464215925,0.059555323889813445
1,6.640000000000001,-0.9523124570735473,-0.2649890919864732,-0.05925741699191382,0.08857194886155677,-0.5203174043950487,0.015335524079211571,5.248394645964235,5.250110310587128,-0.8763066800438634,-0.4221639627510078,0.1745875658279655,0.05925741699191382
1,6.66,-0.9504168853312964,-0.2752614116189723,-0.05894212818721513,0.10097421108991647,-0.5069139071548657,0.016193356390657887,5.260805011390499,5.262474570455788,-0.8686315144381914,-0.4303710135019716,0.17535060732265884,0.05894212818721513
1,6.68,-0.9482736497677303,-0.2852606752201817,-0.058609913264075525,0.11333771208809824,-0.49301176842567684,0.017028135923302323,5.272872023969064,5.274494556647449,-0.860742027003944,-0.4381533400219315,0.17617591190012902,0.058609913264075525
1,6.7,-0.9458835721565734,-0.2949770452110832,-0.05826123788221755,0.12565781126144115,-0.47862451472846884,0.01783940226249492,5.284583976972252,5.286158696207073,-0.8526401643540921,-0.44550326209418406,0.17706630133302653,0.05826123788221755
1,6.72,-0.9432475664699169,-0.30440095928006694,-0.05789657624079355,0.13792992992138103,-0.46376614632491475,0.018626761879905307,5.295929493109592,5.297455746219506,-0.8443279255020155,-0.45241352623300946,0.17802476048352883,0.05789657624079355
1,6.74,-0.9403666375861772,-0.3135231397293037,-0.05751640973764587,0.15014955663055723,-0.4484511243670108,0.019389888434862113,5.306897535098233,5.308374803830477,-0.8358073613682702,-0.4588773128419906,0.17905439923242755,0.05751640973764587
1,6.76,-0.937241879893752,-0.32233460255961444,-0.0571212256252874,0.16231225228652224,-0.43269435759723635,0.02012852280098454,5.3174774160294564,5.318905316072846,-0.8270805742745618,-0.4648882429441257,0.18015841263344093,0.0571212256252874
1,6.78,-0.9338744757957462,-0.33082666628492424,-0.05671151566905076,0.17441365492991892,-0.4165111886068087,0.02084247282267937,5.327658809520671,5.329037089490651,-0.8181497174250235,-0.47044038447711267,0.1813400397248494,0.05671151566905076
1,6.8,-0.930265694121407,-0.33899096046754296,-0.05628777481274728,0.18644948426455782,-0.39991737966021823,0.02153161280766913,5.337431759641771,5.3387602995523435,-0.8090169943749476,-0.4755282581475767,0.1826025214721123,0.05628777481274728
1,6.82,-0.9264168884501401,-0.34681943396568693,-0.05585049985704103,0.19841554587843663,-0.3829290980948709,0.022195882762955255,5.3467866906038335,5.348065499843927,-0.7996846584870907,-0.4801468428384715,0.18394905835077796,0.05585049985704103
1,6.84,-0.9223294953541866,-0.3543043628848381,-0.05540018815558146,0.21030773515638695,-0.3655629013053284,0.022835287383002112,5.355714416197621,5.3569436310317045,-0.7901550123756906,-0.4842915805643155,0.1853827681061122,0.05540018815558146
1,6.86,-0.9180050325662048,-0.36143835822473375,-0.054937336333751,0.22212204087669563,-0.3478357213223209,0.02344989480004378,5.364206148968791,5.365386029583761,-0.7804304073383295,-0.4879583809693738,0.18690664424223816,0.054937336333751
1,6.88,-0.9134450970781406,-0.36821437321399114,-0.05446243903467528,0.23385454848571957,-0.3297648489974002,0.024039835107528718,5.372253509116145,5.373384436238568,-0.7705132427757896,-0.49114362536434425,0.18852351579724366,0.05446243903467528
1,6.9,-0.9086513631778722,-0.374625710324595,-0.05397598769691259,0.24550144304618252,-0.31136791780481193,0.02460529866873984,5.379848533099161,5.380931004208444,-0.7604059656000308,-0.4938441702975689,0.1902360089503032,0.05397598769691259
1,6.92,-0.9036255804301839,-0.3806660279587149,-0.05347846936799138,0.25705901185649793,-0.2926628872728661,0.02514653422338109,5.386983681940412,5.388018307105267,-0.7501110696304595,-0.49605735065723894,0.19204651098156827,0.05347846936799138
1,6.94,-0.8983695716086614,-0.38632934680057224,-0.05297036555769948,0.26852364674009505,-0.2736680260578025,0.025663846805808466,5.393651849209231,5.3946393465758655,-0.7396310949786097,-0.49778098230154,0.19395713706556417,0.05297036555769948
1,6.96,-0.8928852305851042,-0.39161005582634334,-0.052452151134750144,0.27989184600532385,-0.2544018946738195,0.026157595489125662,5.399846368668668,5.40078755963019,-0.7289686274214116,-0.4990133642141358,0.19596970032473573,0.052452151134750144
1,6.98,-0.8871745201830258,-0.39650291796536663,-0.05192429327016002,0.29116021607806297,-0.23488332789376998,0.026628190969886778,5.405561021579917,5.406456825657557,-0.7181262977631889,-0.4997532801828658,0.1980856855033988,0.05192429327016002
1,7.0,-0.8812394700017516,-0.40100307540621555,-0.051387250430374086,0.3023254728106734,-0.21513141683535658,0.027076093008706725,5.410790043638392,5.411641473105147,-0.7071067811865477,-0.5,0.20030622654585678,0.051387250430374086
1,7.0200000000000005,-0.8750821742175399,-0.4051060545415066,-0.05084147142286617,0.3133844424723579,-0.19516549074878875,0.02750180774208444,5.415528131535998,5.416336285814277,-0.6959127965923139,-0.49975328018286574,0.20263208827877482,0.05084147142286617
1,7.04,-0.868704789368034,-0.40880777054563433,-0.05028739449663309,0.32433406242737484,-0.17500509852214485,0.02790588488122403,5.419770449132326,5.420536508996924,-0.684547105928689,-0.4990133642141358,0.2050636523102834,0.05028739449663309
1,7.0600000000000005,-0.8621095321262144,-0.41210453157995697,-0.04972544649968562,0.33517138150884307,-0.15466998992144107,0.028288914813523136,5.423512633221871,5.424237854839687,-0.6730125135097731,-0.49778098230153994,0.2076009071701629,0.04972544649968562
1,7.08,-0.8552986770698495,-0.41499304262030295,-0.04915604209532608,0.3458935600970884,-0.13418009658296737,0.028651525622431007,5.426750798884274,5.427436507721924,-0.6613118653236523,-0.496057350657239,0.2102434426301135,0.04915604209532608
1,7.1000000000000005,-0.8482745544522551,-0.41747040890202436,-0.04857958303868921,0.3564978699126055,-0.11355551277600409,0.028994380041256318,5.429481544405051,5.430129129035065,-0.6494480483301834,-0.49384417029756883,0.21299044806378936,0.04857958303868921
1,7.12,-0.8410395479799603,-0.4195341389781914,-0.04799645751471401,0.3669816935347416,-0.09281647595455454,0.02931817235626355,5.431701955754971,5.432312861590621,-0.6374239897486896,-0.4911436253643443,0.21584071463540094,0.04799645751471401
1,7.140000000000001,-0.833596092602647,-0.42118214738689974,-0.04740703953841049,0.3773425236581409,-0.0719833471172096,0.029623625274088572,5.43340961061674,5.433985333604785,-0.6252426563357052,-0.48795838096937366,0.2187926410455884,0.04740703953841049
1,7.16,-0.8259466723204782,-0.4224127569240485,-0.04681168841798849,0.38757796209982603,-0.051076590994710305,0.029911486768111062,5.434602581948373,5.435144662248159,-0.6129070536529765,-0.4842915805643156,0.22184424251509852,0.04681168841798849
1,7.18,-0.8180938180136686,-0.42322470051834343,-0.04621074828112734,0.397685718570521,-0.030116756085181943,0.030182526918003938,5.435279441073484,5.435789456749582,-0.6004202253258841,-0.4801468428384716,0.22499316265149136,0.04621074828112734
1,7.2,-0.8100401052988694,-0.4236171227056816,-0.04560454766438677,0.407663609224453,-0.009124454557381947,0.03043753475605293,5.435439260289111,5.4359188210437575,-0.5877852522924734,-0.4755282581475769,0.22823668782157153,0.04560454766438677
1,7.22,-0.8017881524166514,-0.423589580700485,-0.04499339916549248,0.41750955500239156,0.011879657957359773,0.030677315133376237,5.4350816149828045,5.4355323559529,-0.5750052520432788,-0.47044038447711284,0.231571763642019,0.04499339916549248
1,7.24,-0.7933406181540704,-0.42314204506196723,-0.04437759915797447,0.42722157978310343,0.03287490266353786,0.03090268561842413,5.434206585253917,5.434630160896132,-0.5620833778521309,-0.46488824294412584,0.23499501320173868,0.04437759915797447
1,7.26,-0.7847001998059908,-0.42227489995373657,-0.04375742756739491,0.4367978083587246,0.053840597969087106,0.031114473439531776,5.432814757026054,5.4332128351121,-0.5490228179981321,-0.4588773128419908,0.23850275664035717,0.04375742756739491
1,7.28,-0.775869631178532,-0.42098894299556905,-0.043133147708174044,0.44623646424975133,0.07475607990063252,0.03131351248255465,5.430907222651958,5.4312814783945935,-0.5358267949789963,-0.4524135262330096,0.24209103172642302,0.043133147708174044
1,7.3,-0.7668516806376874,-0.41928538470661164,-0.04250500617980977,0.455535867375482,0.09560072254490382,0.03150064035387257,5.428485581002169,5.4288376913309735,-0.5224985647159495,-0.4455032620941842,0.2457556151044612,0.04250500617980977
1,7.32,-0.7576491492058479,-0.41716584753971137,-0.0418732328210883,0.46469443159575213,0.11635395849456584,0.03167669551827468,5.425551937034028,5.425883575038474,-0.5090414157503712,-0.43815334002193174,0.2494920439103432,0.0418732328210883
1,7.34,-0.748264868708646,-0.41463236450699975,-0.04123804072070057,0.4737106621397305,0.13699529927665235,0.03184251452049802,5.422108900837897,5.4224217303935935,-0.4954586684324075,-0.43037101350197177,0.2532956374876925,0.04123804072070057
1,7.36,-0.7387016999742215,-0.41168737739729944,-0.04059962628251213,0.4825831529373814,0.15750435574173893,0.031998929298346135,5.41815958615814,5.418455256750602,-0.4817536741017153,-0.42216396275100754,0.25716151897290473,0.04059962628251213
1,7.38,-0.7289625310867038,-0.4083337345863572,-0.0399581693435829,0.4913105838689465,0.1778608583919702,0.032146764594577104,5.4137076083872495,5.4139877501460045,-0.4679298142605735,-0.41354028713728097,0.2610846365512461,0.0399581693435829
1,7.4,-0.7190502756953964,-0.4045746884413452,-0.039313833342897585,0.4998917179474716,0.19804467762607178,0.03228683547395461,5.4087570820325,5.409023300986724,-0.45399049973954697,-0.40450849718747384,0.265059784220555,0.039313833342897585
1,7.42,-0.7089678713808576,-0.4004138923215093,-0.038666765538647375,0.5083253984489977,0.21803584387952987,0.03241994495106637,5.403312617655081,5.403566491220515,-0.4399391698559154,-0.3950775061878454,0.269081621931272,0.038666765538647375
1,7.44,-0.6987182780787815,-0.3958553971772783,-0.03801709727179888,0.5166105460045624,0.23781456763820064,0.03254688173378295,5.397379318282679,5.397622390988039,-0.4257792915650722,-0.3852566213878943,0.27314469500132055,0.03801709727179888
1,7.46,-0.6883044765623049,-0.3909036477505819,-0.03736494427359642,0.5247461556676184,0.2573612593037271,0.032668418086463036,5.390962775297045,5.391196554756784,-0.4115143586051092,-0.3750555348152301,0.27724345273129525,0.03736494427359642
1,7.48,-0.6777294669831012,-0.3855634783795569,-0.036710407014568465,0.5327312939698833,0.27665654888928254,0.0327853078163326,5.384069063799042,5.384295016937852,-0.39714789063478034,-0.36448431371070555,0.28137226616929606,0.036710407014568465
1,7.5,-0.6669962674713685,-0.3798401084112473,-0.03605357109254776,0.5405650959779833,0.2956813055243314,0.03289828438573761,5.376704737454268,5.37692428698745,-0.3826834323650904,-0.35355339059327423,0.2855254449953829,0.03605357109254776
1,7.5200000000000005,-0.6561079127945766,-0.37373913722633023,-0.0353945076571671,0.5482467623625655,0.31441665674729913,0.03300805915232863,5.368876822823068,5.369091343995633,-0.36812455268467786,-0.34227355296434425,0.2896972535132768,0.0353945076571671
1,7.54,-0.645067453074614,-0.36726653888031746,-0.0347332738682577,0.5557755564908187,0.332844007565263,0.03311531973861126,5.360592813179552,5.360803630765694,-0.3534748437792571,-0.3306559326618259,0.29388192575141486,0.0347332738682577
1,7.5600000000000005,-0.6338779525627635,-0.3604286563660998,-0.03406991338555476,0.5631508015525798,0.35094505926003017,0.03322072853168223,5.351860661824782,5.352069047388245,-0.3387379202452914,-0.3187119948743449,0.2980736796873822,0.03406991338555476
1,7.58,-0.6225424884717387,-0.35323219550310936,-0.033404456887103806,0.5703718777294131,0.3687018279202376,0.03332492131341358,5.342688774900046,5.342895944314866,-0.32391741819814956,-0.30645352682648835,0.30226673061894044,0.033404456887103806
1,7.6000000000000005,-0.6110641498638362,-0.34568421845878067,-0.03273692261376144,0.5774382194152355,0.38609666267940823,0.03342850602082337,5.333086003706671,5.333293114936773,-0.3090169943749477,-0.29389262614623674,0.3064553037119729,0.03273692261376144
1,7.62,-0.5994460365940922,-0.33779213690838866,-0.03206731693719446,0.5843493124962392,0.40311226364021135,0.03353206163587441,5.323061636539568,5.323269787674746,-0.2940403252323043,-0.28104168892606557,0.31063364576071617,0.03206731693719446
1,7.640000000000001,-0.5876912583071886,-0.3295637048397343,-0.031395634948801085,0.5911046916970268,0.41973169946551464,0.03363613720346337,5.312625390042207,5.3128356175872025,-0.2789911060392288,-0.26791339748949794,0.3147960361990605,0.031395634948801085
1,7.66,-0.5758029334867204,-0.32100701100953194,-0.03072186106700684,0.5977039379990393,0.43593842461717347,0.033741250975961035,5.301787400091292,5.302000677503892,-0.26387304996537336,-0.2545207078751861,0.31893679740367564,0.03072186106700684
1,7.68,-0.5637841885553272,-0.3121304710587312,-0.03004596966042462,0.6041466761365224,0.45171629622387727,0.033847889682261045,5.290558212220052,5.290775448693401,-0.24868988716485535,-0.24087683705085816,0.32305030433057547,0.03004596966042462
1,7.7,-0.5516381570240896,-0.3029428192943747,-0.029367925684412655,0.6104325721744529,0.4670495905597699,0.03395650791893534,5.278948771589565,5.2791708110731665,-0.2334453638559052,-0.2269952498697732,0.3271309935265621,0.029367925684412655
1,7.72,-0.5393679786895166,-0.29345310014595505,-0.02868768532861594,0.6165613311720336,0.48192301911597163,0.03406752766073595,5.266970412518024,5.267198032971431,-0.2181432413965433,-0.21288964578253702,0.3311733715562081,0.02868768532861594
1,7.74,-0.5269767988763813,-0.2836706593045877,-0.028005196673134183,0.6225326949345713,0.4963217442475608,0.03418133788743971,5.254634847578452,5.254868760450972,-0.20278729535651246,-0.19857394531739028,0.33517202288359016,0.028005196673134183
1,7.76,-0.514467767724617,-0.27360513455366037,-0.027320400351022792,0.6283464398557811,0.5102313943790184,0.03429829432369946,5.241954156275819,5.242195006205125,-0.18738131458572468,-0.18406227634233904,0.33912161724613427,0.027320400351022792
1,7.78,-0.50184403951845,-0.2632664462999554,-0.02663323021490227,0.6340023748518151,0.5236380787516004,0.034418719288352606,5.22894077331503,5.229189138037148,-0.1719291002794097,-0.16936896012264582,0.34301691655590066,0.02663323021490227
1,7.8,-0.48910877205592806,-0.25266478781456625,-0.02594361400552463,0.639500339387598,0.536528401696581,0.03454290164941132,5.215607476471746,5.215863866934409,-0.15643446504023112,-0.15450849718747395,0.3468527813612634,0.02594361400552463
1,7.82,-0.4762651260569984,-0.24181061519324792,-0.025251474020223087,0.6448402015953724,0.5488894764188017,0.03467109688074299,5.201967374078443,5.202232234749495,-0.140901231937583,-0.13949555301961494,0.35062417689961545,0.025251474020223087
1,7.84,-0.4633162646082976,-0.23071463704614414,-0.024556727779252965,0.6500218564847112,0.5607089382754689,0.034803527216269114,5.18803389213852,5.188307601500774,-0.12533323356430465,-0.1243449435824278,0.354326178769294,0.024556727779252965
1,7.86,-0.4502653526428361,-0.2193878039271329,-0.023859288688116317,0.6550452242426533,0.5719749575356629,0.03494038189739579,5.1738207610818865,5.174103632305422,-0.1097343110910449,-0.10907162069827091,0.35795397824655006,0.023859288688116317
1,7.88,-0.4371155564527932,-0.20784129751331554,-0.023159066694050722,0.6599102486220539,0.58267625160656,0.035081817509163504,5.1593420021756495,5.159634283958431,-0.09410831331851491,-0.0936906572928629,0.3615028872710661,0.023159066694050722
1,7.9,-0.4238700432336818,-0.1960865195454499,-0.022455968934953545,0.6646168954157278,0.5928020967129166,0.03522795840055404,5.1446119136041215,5.144913791171493,-0.07845909572784475,-0.07821723252011524,0.3649683431213464,0.022455968934953545
1,7.92,-0.41053198065819535,-0.184135080540391,-0.021749900379105607,0.6691651510134903,0.6023423390169271,0.03537889718423959,5.129645056232717,5.1299566524861335,-0.06279051952931326,-0.062666616782152,0.36834591279914647,0.021749900379105607
1,7.94,-0.3971045364781109,-0.17199878828685486,-0.021040764454153732,0.6735550210387818,0.6112874051661458,0.03553469531094777,5.114456239070673,5.114777615875917,-0.04710645070964264,-0.047054156659257135,0.3716312971402545,0.021040764454153732
1,7.96,-0.3835908781526936,-0.1596896361360617,-0.020328463663908558,0.6777865290611846,0.6196283122577505,0.035695383713569506,5.099060504447958,5.099391664052851,-0.03141075907812836,-0.031395259764656756,0.37482033466702774,0.020328463663908558
1,7.98,-0.369994172502124,-0.14721979109904237,-0.019612900191612704,0.6818597153808215,0.6273566772080287,0.035860963516015976,5.083473112922049,5.083813999493596,-0.01570731731182083,-0.015705379539064302,0.3779090051964919,0.019612900191612704
2,0.0,0.3,-0.4,-0.1,0.0,0.0,0.0,7.678018426666446,9.060844215312072,0.0,0.0,0.5,0.1
2,0.02,0.3003303803628045,-0.39863057388612544,-0.09308587105677188,0.03265405131591979,0.13697979802815385,0.6914128943228129,7.9883518519825625,8.108352022257906,0.015707317311820675,0.015705379539064146,0.5026774018406688,0.09308587105677188
2,0.04,0.3012676034953431,-0.394646218938407,-0.0786576123189389,0.060296963150529556,0.2615220927947295,0.7514129794604846,7.821903173985027,7.669480942940904,0.03141075907812829,0.03139525976465669,0.5043154350744283,0.0786576123189389
2,0.06,0.3027019101142529,-0.3882879465079084,-0.06439146388494982,0.08239891387595367,0.3743577952067749,0.6752018639384231,7.557532313007444,7.363447997385011,0.04710645070964266,0.047054156659257156,0.5048284715210353,0.06439146388494982
2,0.08,0.3045289863539904,-0.3797839878487529,-0.05185784818429352,0.09968638746728477,0.4760742837884742,0.5781597061272065,7.283515520236984,7.099066730676499,0.06279051952931337,0.06266661678215213,0.5041825303211119,0.05185784818429352
2,0.1,0.3066611849402356,-0.36935133044763174,-0.04121689800955181,0.11302387807850381,0.5672151885818814,0.4859353113469643,7.0206552031979435,6.855438145283833,0.07845909572784494,0.07821723252011543,0.502388109013255,0.04121689800955181
2,0.12,0.3090274141207127,-0.3571958303273054,-0.03232427707218308,0.12318800323011435,0.6483499443286255,0.40332678238990927,6.7736671753893845,6.627844678768773,0.09410831331851431,0.0936906572928623,0.49948858306079147,0.03232427707218308
2,0.14,0.3115709199063701,-0.3435117200984354,-0.024986853907487946,0.13083493542455712,0.7200704698359695,0.33041553407960367,6.543334884199736,6.415152023617836,0.10973431109104528,0.10907162069827128,0.4955498935776078,0.024986853907487946
2,0.16,0.31424693965994005,-0.32848129517444397,-0.019019457528805378,0.13650934128228323,0.7829776936619315,0.26632410378865334,6.3294116932022595,6.216912077078457,0.12533323356430426,0.1243449435824274,0.4906526172940315,0.019019457528805378
2,0.18,0.3170206291871275,-0.31227485546602896,-0.014255473533651322,0.14066040424671356,0.8376695917881608,0.21007429572675218,6.131335099161154,6.032724594822569,0.14090123193758267,0.13949555301961464,0.4848861145370408,0.014255473533651322
2,0.2,0.319865310041905,-0.2950508563476947,-0.010547040140809203,0.1436573275289354,0.8847321847157316,0.1607690435574597,5.9484186772632945,5.862118628047089,0.15643446504023087,0.1545084971874737,0.47834428338689255,0.010547040140809203
2,0.22,0.3227610076695654,-0.2769562134420862,-0.007763159515741039,0.14580284277885994,0.9247331092030441,0.11761901894935678,5.779915665100184,5.704548826297436,0.17192910027940952,0.16936896012264568,0.47112251574780484,0.007763159515741039
2,0.24,0.32569323873794526,-0.2581267156136435,-0.005787613330767643,0.14734463884056956,0.9582171860391508,0.0799355995479828,5.625048194870713,5.559413380592625,0.1873813145857246,0.18406227634233896,0.46331554363062066,0.005787613330767643
2,0.26,0.3286520080255123,-0.23868751123934856,-0.004517075411198426,0.148484922939572,0.985703495443475,0.047118192408938886,5.483025255988117,5.426072957774318,0.2027872953565125,0.1985739453173903,0.4550159417925604,0.004517075411198426
2,0.28,0.3316309800937766,-0.2187536414385699,-0.0038594730540886446,0.14938837126802523,1.0076835847875827,0.01864204330203922,5.353055531837343,5.3038666844757225,0.21814324139654256,0.21288964578253636,0.4463131123299584,0.0038594730540886446
2,0.3,0.3346267959986912,-0.19843060050222378,-0.0037325764248559647,0.1501887114975602,1.0246205259585501,-0.005952380378771219,5.234357089697601,5.1921249401309275,0.2334453638559054,0.2269952498697734,0.43729262099331395,0.0037325764248559647
2,0.32,0.3376385098762853,-0.1778149086968805,-0.0040627847802647546,0.15099415254623605,1.0369486098446599,-0.027068455162107766,5.126164793125459,5.090179427062634,0.2486898871648548,0.24087683705085766,0.4280357875686904,0.0040627847802647546
2,0.34,0.3406671242561182,-0.15699468633546232,-0.004784080713821033,0.15189184855468582,1.0450735176431487,-0.04506113819352009,5.027735950637499,4.9973710327158685,0.2638730499653729,0.25452070787518566,0.41861945668890915,0.004784080713821033
2,0.36,0.3437152064254489,-0.13605022081554377,-0.005837128067299589,0.15295155758845935,1.0493728474709767,-0.06024359715433547,4.938354561662704,4.9130559200947,0.2789911060392293,0.26791339748949833,0.4091158932196441,0.005837128067299589
2,0.38,0.3467865711354674,-0.11505452046158354,-0.0071684932182263204,0.15422863190113803,1.0501969036279912,-0.07289291793833763,4.857334433433897,4.836610195474304,0.29404032523230395,0.2810416889260653,0.399592759629277,0.0071684932182263204
2,0.4,0.349886017465071,-0.0940738506400675,-0.008729972766791038,0.15576645578087084,1.0478696774388268,-0.08325503691813407,4.78402138334808,4.7674334296634715,0.3090169943749474,0.29389262614623657,0.3901131427654276,0.008729972766791038
2,0.42,0.35301910979349443,-0.07316824887264413,-0.01047801327357676,0.15759842892076117,1.0426899648070083,-0.09154901376043811,4.71779469794166,4.704951251646647,0.32391741819814934,0.3064535268264882,0.38073560516278604,0.01047801327357676
2,0.44,0.35619199463277573,-0.052392016644885485,-0.012373210780260586,0.1597495776618316,1.0349325778565037,-0.09797073690794444,4.658067986559812,4.648617188642507,0.33873792024529137,0.3187119948743448,0.37151424209360917,0.012373210780260586
2,0.46,0.3594112465815735,-0.03179418636608643,-0.014379879508006,0.16223786308519694,1.0248496173390835,-0.10269613586659687,4.604289542017072,4.597913891660336,0.35347484377925714,0.3306559326618259,0.3624987305654727,0.014379879508006
2,0.48,0.3626837379248733,-0.01141896252958791,-0.016465680477121616,0.1650752435069438,1.012671779602409,-0.10588396104496478,4.555942300113026,4.552353858243143,0.3681245526846779,0.3422735529643443,0.353734360759138,0.016465680477121616
2,0.5,0.3660165274559852,0.008693863408457427,-0.018601301907370325,0.1682685392004775,0.9986096773964744,-0.10767818197990608,4.512543473469864,4.511479742528558,0.3826834323650898,0.35355339059327373,0.3452620442640404,0.018601301907370325
2,0.52,0.3694167649694683,0.02850852454266827,-0.020760184201674976,0.17182013890557943,0.9828551580527691,-0.10821004745055907,4.473643921902802,4.474864325758238,0.3971478906347806,0.3644843137107058,0.3371182970972518,0.020760184201674976
2,0.54,0.37289160859337933,0.04799291623959413,-0.02291828313140898,0.17572858067590663,0.9655826059046015,-0.10759984552284096,4.438827310691681,4.442110206871017,0.4115143586051088,0.3750555348152298,0.3293351989812512,0.02291828313140898
2,0.56,0.37644815271985244,0.06711825964567733,-0.02505386556096912,0.17998903368778899,0.9469502184518569,-0.10595839743317315,4.407709099377026,4.412849262241439,0.4257792915650727,0.3852566213878946,0.321940333713855,0.02505386556096912
2,0.58,0.3800933647744682,0.08585879037258945,-0.02714733269531052,0.18459370262804098,0.9271012478824058,-0.10338831600096687,4.3799353964583565,4.386741915163135,0.4399391698559151,0.39507750618784515,0.3149567186079421,0.02714733269531052
2,0.6,0.3838340294542732,0.10419147159993983,-0.029181066421805964,0.1895321720641278,0.9061652012676176,-0.09998505664857749,4.355181709585838,4.363476249110455,0.4539904997395468,0.4045084971874737,0.3084027337437721,0.029181066421805964
2,0.62,0.38767669937632493,0.12209573071580947,-0.03113929485715443,0.19479170466313095,0.8842589941514896,-0.09583778688626887,4.33315161606816,4.342766993573299,0.4679298142605734,0.4135402871372809,0.3022920639321063,0.03113929485715443
2,0.64,0.3916276513258253,0.13955321852168737,-0.03300797370735411,0.20035750416997386,0.8614880534204672,-0.09103009813369922,4.313575374726942,4.324354407199511,0.4817536741017153,0.42216396275100754,0.2966336675686873,0.03300797370735411
2,0.66,0.39569284748604855,0.1565475899560639,-0.034774680507665245,0.20621295159822078,0.8379473663307242,-0.08564058189741475,4.296208497050568,4.308003079761905,0.4954586684324076,0.4303710135019718,0.2914317867211857,0.034774680507665245
2,0.68,0.39987790118062855,0.173064305237008,-0.03642851923205685,0.21233982105833796,0.813722473420607,-0.07974329054174623,4.280830293133665,4.293500671929454,0.5090414157503713,0.43815334002193185,0.2866860116511111,0.03642851923205685
2,0.7000000000000001,0.40418804677030834,0.18909045028605148,-0.03796003314891283,0.21871847998854357,0.7888904037781098,-0.07340810114385155,4.267242405896026,4.280656609787636,0.5224985647159488,0.44550326209418395,0.2823914104853731,0.03796003314891283
2,0.72,0.4086281134278198,0.20461457527166485,-0.03936112415233181,0.22532807721043768,0.7635205517879521,-0.0667009991980464,4.25526734545037,4.26930074938683,0.5358267949789967,0.4524135262330098,0.2785387310337662,0.03936112415233181
2,0.74,0.4132025025720273,0.21962655009893844,-0.04062497711661044,0.23214672116044802,0.7376754950651574,-0.059684297229816496,4.2447470341405555,4.259282025190448,0.5490228179981318,0.45887731284199057,0.27511467709953014,0.04062497711661044
2,0.76,0.41791516878087687,0.23411743567143725,-0.04174598810595731,0.2391516498092885,0.7114117538022959,-0.0524168017048704,4.235541371625393,4.2504670950605234,0.5620833778521306,0.4648882429441257,0.2721022565068159,0.04174598810595731
2,0.78,0.42276960402633074,0.24807936976040473,-0.04271969552287907,0.2463193931402832,0.684780492222589,-0.044953939987305236,4.227526828377408,4.24273899329277,0.5750052520432786,0.4704403844771127,0.269481193022786,0.04271969552287907
2,0.8,0.42776882508697395,0.2615054663344901,-0.04354271349804836,0.2536259285826629,0.6578281632452505,-0.03734785752962411,4.2205950750534384,4.235995802148097,0.5877852522924731,0.47552825814757677,0.26722838994216286,0.04354271349804836
2,0.8200000000000001,0.4329153639984108,0.2743897272289736,-0.044212667013167554,0.2610468294602709,0.63059709783546,-0.029647493982294715,4.21465165434015,4.230149351291616,0.600420225325884,0.48014684283847153,0.2653184298013923,0.044212667013167554
2,0.84,0.43821126140045286,0.2867269650661195,-0.044728128408056116,0.2685574062949867,0.603126040830936,-0.02189864550656162,4.20961470105817,4.225123953523802,0.6129070536529764,0.48429158056431554,0.26372409280853903,0.044728128408056116
2,0.86,0.44365806263551033,0.2985127363768817,-0.04508855505585919,0.27613284067575056,0.5754506353113878,-0.014144019273745534,4.205413715508312,4.220855184162814,0.6252426563357051,0.48795838096937366,0.262416876218603,0.04508855505585919
2,0.88,0.44925681644619186,0.30974328391782013,-0.045294228098061586,0.2837483113490042,0.5476038578072143,-0.006423284946494578,4.201988394255282,4.217288710411038,0.6374239897486896,0.4911436253643443,0.26136749795176867,0.045294228098061586
2,0.9,0.4550080761131886,0.32041548722489466,-0.045346192216212694,0.2913791121876432,0.519616406830839,0.0012268731313837006,4.199287521762803,4.214379176014125,0.6494480483301837,0.4938441702975689,0.2605463699767623,0.045346192216212694
2,0.92,0.4609119028680432,0.33052682049692783,-0.04524619648232841,0.29900076173839857,0.4915170473593209,0.008772700257044911,4.1972679255359315,4.212089145520254,0.6613118653236518,0.49605735065723894,0.25992402999215564,0.04524619648232841
2,0.9400000000000001,0.46696787141008744,0.34007531695516396,-0.0449966363772659,0.30658910411924,0.46333291400256477,0.016183310249206277,4.195893496663566,4.2103881114464246,0.6730125135097733,0.49778098230154,0.2594715233321969,0.0449966363772659
2,0.96,0.47317507735313813,0.3490595388807128,-0.044600497098367484,0.31412040112814477,0.43508977565880086,0.02343061764063548,4.195134276944605,4.209251566723801,0.6845471059286886,0.4990133642141358,0.25916073042857024,0.044600497098367484
2,0.98,0.4795321464257421,0.35747855258802974,-0.044061298296658793,0.3215714155235807,0.40681226449170305,0.030489262530233433,4.194965613081538,4.208660143880894,0.6959127965923143,0.4997532801828658,0.2589646382784594,0.044061298296658793
2,1.0,0.4860372452489716,0.3653319076492696,-0.04338304039205735,0.32891948553809636,0.37852407206342537,0.037336527929911274,4.19536737777768,4.208598821580527,0.7071067811865475,0.5,0.25885755700199287,0.04338304039205735
2,1.02,0.49268809351797044,0.372619619740741,-0.04257015261444489,0.3361425907839216,0.3502481154285214,0.043952249831334396,4.196323256971645,4.209056198346575,0.7181262977631888,0.4997532801828658,0.25881528461573183,0.04257015261444489
2,1.04,0.4994819774175283,0.37934215653823256,-0.04162744291094356,0.34321940979926796,0.32200667593828114,0.05031872051879927,4.197820101893927,4.210023832610543,0.7289686274214116,0.4990133642141358,0.25881522458428513,0.04162744291094356
2,1.06,0.5064157641077309,0.3855004261421847,-0.04056004984698449,0.3501293695631318,0.2938215134268198,0.056420585877107084,4.199847344141073,4.2114956475808505,0.7396310949786098,0.49778098230154,0.2588364615827292,0.04056004984698449
2,1.08,0.5134859171229603,0.3910957675661283,-0.03937339661224346,0.35685268737298453,0.26571395835264244,0.06224473759699579,4.2023964715350255,4.213467398892352,0.7501110696304596,0.4960573506572389,0.2588598012905623,0.03937339661224346
2,1.1,0.5206885125359466,0.39612994287214237,-0.038073147223516915,0.36337040553282113,0.23770498435567777,0.06778020127565887,4.2054605621714485,4.215936202530659,0.760405965600031,0.49384417029756883,0.25886778004394345,0.038073147223516915
2,1.12,0.5280192557479243,0.4006051305850122,-0.036665164996207686,0.3696644193384246,0.2098152635631108,0.07301802145526415,4.209033873760783,4.218900120144888,0.7705132427757893,0.4911436253643443,0.2588446498994667,0.036665164996207686
2,1.1400000000000001,0.5354734987759526,0.4045239200620629,-0.035155473335181875,0.3757174988727748,0.1820652068407644,0.077951144647317,4.213111485128776,4.222357798560433,0.7804304073383297,0.4879583809693737,0.2587763442035039,0.035155473335181875
2,1.16,0.5430462579188613,0.4078893065381376,-0.03355021887507725,0.38151330513812237,0.15447499104309848,0.08257430136314536,4.21768898656668,4.226308160076979,0.7901550123756903,0.4842915805643156,0.2586504281952315,0.03355021887507725
2,1.18,0.5507322316938453,0.41070468660476245,-0.03185563698026285,0.3870364010535316,0.12706457516670217,0.08688388811829484,4.22276221560211,4.23075013998061,0.7996846584870905,0.48014684283847153,0.25845603856097643,0.03185563698026285
2,1.2,0.558525818946239,0.41297385391912994,-0.03007801959600445,0.3922722578390462,0.09985370716178117,0.0908778503075448,4.228327034695683,4.235682467607372,0.8090169943749475,0.4755282581475768,0.2581838152480359,0.03007801959600445
2,1.22,0.5664211370452662,0.4147009949721131,-0.02822368542529511,0.3972072572915544,0.07286192300567754,0.09455556676338939,4.234379147351047,4.24110348726232,0.8181497174250234,0.4704403844771127,0.2578258282686161,0.02822368542529511
2,1.24,0.5744120400884434,0.41589068477511126,-0.026298952390470955,0.4018286904344596,0.04610853949371768,0.09791773671902615,4.240913949152224,4.24701101531632,0.8270805742745618,0.4648882429441257,0.25737550169798146,0.026298952390470955
2,1.26,0.5824921370466735,0.4165478823531767,-0.02431011232526995,0.4061247529949171,0.019612642057238495,0.10096626980107415,4.2479264103064,4.253402229866055,0.8358073613682702,0.4588773128419906,0.2568275366050303,0.02431011232526995
2,1.28,0.5906548097908242,0.4166779259566563,-0.022263407831450192,0.4100845381301192,-0.0066069312221925455,0.10370417958090183,4.255410986367756,4.260273589444049,0.8443279255020151,0.45241352623300973,0.2561778342513937,0.022263407831450192
2,1.3,0.5988932309486684,0.41628652792560883,-0.02016501122445069,0.41369802678922407,-0.032531608368475406,0.10613548111904836,4.263361553942711,4.267620777398465,0.8526401643540922,0.44550326209418395,0.2554234205552297,0.02016501122445069
2,1.32,0.6072003815484346,0.4153797691606478,-0.018021005484790954,0.41695607606122936,-0.05814310413126329,0.1082650928469252,4.271771368324473,4.275438668721071,0.8607420270039436,0.43815334002193174,0.2545623725338468,0.018021005484790954
2,1.34,0.6155690684118553,0.41396409317075217,-0.015837367125869462,0.419850405822425,-0.08342344168681928,0.11009874304522393,4.280633040169926,4.283721316280082,0.8686315144381913,0.4303710135019718,0.2535937472091676,0.015837367125869462
2,1.36,0.623991941265513,0.4120462996831292,-0.013619950884414204,0.42237358396091274,-0.10835497474900826,0.11164288110030196,4.289938528510141,4.292461953607443,0.8763066800438637,0.4221639627510075,0.2525175132753022,0.013619950884414204
2,1.3800000000000001,0.6324615095444834,0.40963353781256645,-0.011374476136921653,0.42451901042077483,-0.13292040952551912,0.11290459364895311,4.2996791475733565,4.301653011592827,0.8837656300886935,0.41354028713728086,0.25133448568150174,0.011374476136921653
2,1.4000000000000001,0.6409701588667958,0.406733298798034,-0.009106514943845238,0.426280900275391,-0.15710282605170775,0.11389152565868843,4.309845585091905,4.311286146644752,0.8910065241883679,0.4045084971874737,0.2500462631702962,0.009106514943845238
2,1.42,0.6495101671611109,0.40335340832275973,-0.006821481622907232,0.42765426600857354,-0.18088569852346648,0.11461180643511215,4.320427929959591,4.3213522780892735,0.8980275757606155,0.39507750618784526,0.24865516872399784,0.006821481622907232
2,1.44,0.6580737204333061,0.3995020184407633,-0.004524623753556575,0.42863489915392,-0.2042529143313176,0.11507398049995354,4.331415707300028,4.331841632785415,0.9048270524660196,0.3852566213878946,0.24716419280802063,0.004524623753556575
2,1.46,0.6666529281604082,0.3951875991380636,-0.0022210145161305696,0.4292193514172607,-0.2271887915706516,0.11528694324264699,4.342797919197392,4.342743795141162,0.9114032766354452,0.37505553481522985,0.2455769392523466,0.0022210145161305696
2,1.48,0.675239838302583,0.39041892956062807,8.44537284412218e-05,0.429404915384392,-0.24967809486791756,0.11525988121453212,4.354563089526695,4.354047760912347,0.9177546256839811,0.3644843137107057,0.2438975735794183,8.44537284412218e-05
2,1.5,0.6838264519257354,0.3852050889437601,0.0023870747096601235,0.42918960489644226,-0.27170604941991716,0.11500221690735801,4.366699311499314,4.36574199335718,0.9238795325112867,0.3535533905932738,0.24213077356478951,0.0023870747096601235
2,1.52,0.6924047374287463,0.37955544727917984,0.004682332457096616,0.428572135158146,-0.29325835319350935,0.1145235578362912,4.3791942967100725,4.377814480500356,0.9297764858882513,0.3422735529643444,0.24028168180372195,0.004682332457096616
2,1.54,0.7009666443705336,0.373479655756672,0.0069659045327738565,0.42755190262988496,-0.31432118727637726,0.11383364973143284,4.3920354246332485,4.390252792431247,0.9354440308298673,0.33065593266182597,0.2383558600506893,0.0069659045327738565
2,1.56,0.7095041168930196,0.36698763701699305,0.009233664366392506,0.42612896474242495,-0.3348812244064695,0.11294233363043216,4.405209791666218,4.403044137720482,0.9408807689542255,0.31871199487434493,0.2363592450980865,0.009233664366392506
2,1.58,0.7180091067367678,0.3600895752518676,0.011481682769272467,0.4243040194636432,-0.3549256357387291,0.11185950665756395,4.418704258960051,4.416175418187054,0.9460853588275453,0.30645352682648824,0.23429810596431533,0.011481682769272467
2,1.6,0.7264735858465602,0.3527959061854787,0.013706228698558762,0.4220783847389837,-0.3744420959332232,0.11059508627106551,4.43250549840659,4.429633281384604,0.9510565162951535,0.2938926261462366,0.2321790021691434,0.013706228698558762
2,1.62,0.734889558564564,0.3451173069699687,0.015903769338870145,0.41945397782167493,-0.393418786669226,0.10915897776007288,4.44660003627068,4.443404170300021,0.9557930147983301,0.28104168892606524,0.2300087428854209,0.015903769338870145
2,1.6400000000000001,0.7432490734090125,0.33706468602521916,0.01807096956421831,0.41643329450466443,-0.4118443987056425,0.1075610447747436,4.460974294064939,4.457474369870532,0.9602936856769431,0.26791339748949833,0.22779434677069324,0.01807096956421831
2,1.6600000000000001,0.7515442344365382,0.32864917285065537,0.020204690838741147,0.413019388263541,-0.42970813261982777,0.10581108267754014,4.475614626362529,4.47183005002726,0.9645574184577981,0.25452070787518555,0.22554300229999288,0.020204690838741147
2,1.68,0.7597672121864634,0.3198821078340995,0.022301989610615604,0.40921584931821203,-0.4469996983647877,0.10391879450990571,4.490507355331501,4.4864573050640635,0.9685831611286311,0.2408768370508578,0.22326202844225737,0.022301989610615604
2,1.7,0.7679102542055037,0.3107750320798526,0.02436011524947653,0.4050267836205713,-0.4637093137893576,0.10189376937618688,4.505638801852503,4.501342189211065,0.9723699203976766,0.22699524986977343,0.2209588355476717,0.02436011524947653
2,1.72,0.7759656951514863,0.30133967727527655,0.02637650757379308,0.40045679177564253,-0.4798277022676369,0.09974546305546783,4.5209953131509195,4.5164707483629964,0.9759167619387473,0.21288964578253644,0.2186408863420345,0.02637650757379308
2,1.74,0.7839259664748396,0.2915879556122312,0.02834879401096282,0.395510947904539,-0.4953460895830897,0.0974831806615063,4.536563286934694,4.53182904797402,0.9792228106217657,0.1985739453173903,0.21631565695732136,0.02834879401096282
2,1.76,0.7917836056767953,0.28153194977684465,0.03027478642938958,0.3901947784588855,-0.510256200209656,0.09511606118116955,4.552329192081502,4.5474031971835185,0.9822872507286886,0.18406227634233907,0.21399059796516043,0.03027478642938958
2,1.78,0.7995312651434451,0.2711839030182975,0.032152477678523056,0.38451424099796455,-0.5245502531272873,0.09265306373217774,4.5682795859634275,4.5631793692825156,0.9851093261547739,0.16936896012264566,0.21167309542209023,0.032152477678523056
2,1.8,0.8071617205550441,0.26055620930461965,0.03398003786976205,0.37847570294165617,-0.5382209573028263,0.09010295539172175,4.584401128535075,4.579143818667701,0.9876883405951378,0.15450849718747375,0.20937043198212446,0.03398003786976205
2,1.82,0.8146678788702278,0.249661403570957,0.03575581042825962,0.3720859203141375,-0.5512615069593862,0.08747430045803484,4.600680593342062,4.595282894461316,0.9900236577165575,0.13949555301961455,0.2070897481830127,0.03575581042825962
2,1.84,0.8220427858851299,0.23851215206339144,0.037478307943016584,0.36535201649520765,-0.5636655767485974,0.0847754510176616,4.617104875632234,4.611583050999529,0.9921147013144779,0.12434494358242741,0.20483800406697775,0.037478307943016584
2,1.86,0.8292796333677428,0.22712124277920562,0.03914620784020629,0.35828146099793884,-0.5754273169305265,0.08201453870130904,4.633660997771794,4.628030855411634,0.9939609554551797,0.10907162069827116,0.20262194135363915,0.03914620784020629
2,1.8800000000000001,0.8363717657682536,0.21550157600249042,0.04075834790243167,0.3508820482930691,-0.5865413486559422,0.07919946752122897,4.650336112183654,4.6446129925263,0.99556196460308,0.09369065729286229,0.20044804644085512,0.04075834790243167
2,1.9000000000000001,0.8433126865065115,0.2036661549322041,0.04231372165456948,0.34316187670210646,-0.5970027594350962,0.076337907692552,4.667117502036028,4.661316267351244,0.996917333733128,0.07821723252011549,0.19832251456646954,0.04231372165456948
2,1.92,0.8500960638382372,0.19162807639821672,0.0438114736349966,0.3351293273824757,-0.6068070988664793,0.07343729035015978,4.683992579916123,4.678127605378414,0.9980267284282716,0.06266661678215227,0.19625121551815944,0.0438114736349966
2,1.94,0.8567157363020594,0.17940052165951215,0.04525089456931125,0.3267930434291946,-0.6159503746882563,0.07050480308130525,4.700948884727294,4.695034050969173,0.99888987496197,0.047054156659257176,0.19423966132710435,0.04525089456931125
2,1.96,0.8631657177499669,0.16699674727757308,0.046631416462146746,0.31816190911849573,-0.6244290492044013,0.06754738620224432,4.71797407704822,4.712022764073406,0.9995065603657316,0.03139525976465679,0.19229297642111717,0.046631416462146746
2,1.98,0.8694402019642754,0.15443007605703885,0.04795260762131756,0.3092450293195219,-0.6322400361270815,0.06457172971483705,4.735055933190594,4.729081015532953,0.9998766324816606,0.015705379539064118,0.19041587074117758,0.04795260762131756
2,2.0,0.8755335668647405,0.14171388804499746,0.0492141676273261,0.30005170910071016,-0.6393806978666483,0.06158427088601626,4.752182338187011,4.746196181214303,1.0,6.123233995736766e-17,0.1886126163390034,0.0492141676273261
2,2.02,0.8814403783099785,0.12886161157974385,0.050415922260182884,0.29059143355775646,-0.6458488432908007,0.05859119239966237,4.769341277934352,4.763355735207644,0.9998766324816606,-0.015705379539063997,0.18688702796974638,0.050415922260182884
2,2.04,0.8871553934978984,0.11588671437949952,0.05155781839454259,0.28087384789012826,-0.6516427259651338,0.05559842103630841,4.786520830709559,4.780547242320254,0.9995065603657316,-0.03139525976465667,0.18524244817094054,0.05155781839454259
2,2.06,0.8926735639703869,0.10280269466143226,0.052639918873322235,0.2709087377529813,-0.6567610428784508,0.05261162684165577,4.803709158265072,4.797758350081437,0.99888987496197,-0.04705415665925705,0.18368173727513548,0.052639918873322235
2,2.08,0.8979900382280186,0.0896230722813309,0.053662397369237176,0.2607060099110549,-0.6612029336479376,0.049636222749838255,4.820894496700363,4.814976780464334,0.9980267284282716,-0.06266661678215214,0.18220726873885612,0.053662397369237176
2,2.1,0.903100163961097,0.07636137988446444,0.054625533243053796,0.2502756732206862,-0.6649679801916157,0.046677364631823814,4.838065147294106,4.832190321517354,0.996917333733128,-0.07821723252011537,0.1808209300854284,0.054625533243053796
2,2.12,0.9079994899038427,0.06303115405847794,0.05552970640680651,0.23962781996551105,-0.6680562068484258,0.04373995174344769,4.855209467469103,4.849386819084329,0.99556196460308,-0.09369065729286238,0.17952412965587572,0.05552970640680651
2,2.14,0.9126837673190543,0.04964592647963449,0.056375392199751594,0.22877260757073098,-0.6704680809198695,0.04082862755106087,4.872315862048853,4.866554168778717,0.9939609554551797,-0.10907162069827125,0.17831780924373725,0.056375392199751594
2,2.16,0.9171489511210551,0.03621921504429232,0.05716315628442213,0.21772024072003238,-0.6722045136013675,0.037947780915992824,4.889372774951193,4.883680308362787,0.9921147013144778,-0.12434494358242751,0.17720246256067973,0.05716315628442213
2,2.18,0.9213912006452118,0.022764514978193876,0.057893649569799956,0.20648095389836366,-0.673266861266369,0.03510154762178985,4.906368681450792,4.900753210668161,0.9900236577165575,-0.13949555301961464,0.17617815934531597,0.057893649569799956
2,2.2,0.9254068800727667,0.009295289916928079,0.058567603168322595,0.19506499438282354,-0.6736569270617856,0.03229381223047423,4.923292081128181,4.917760877179678,0.9876883405951377,-0.15450849718747386,0.1752445747934694,0.058567603168322595
2,2.22,0.9291925585201585,-0.004175037048206334,0.05918582339318956,0.18348260570289884,-0.673376962769497,0.029528210256222764,4.940131491609443,4.93469133238988,0.9851093261547739,-0.16936896012264574,0.1744010238600318,0.05918582339318956
2,2.24,0.9327450098024237,-0.01763309236377139,0.059749186802216206,0.17174401159022523,-0.6724296708854897,0.026808130646441275,4.95687544318678,4.951532619017129,0.9822872507286886,-0.18406227634233915,0.1736464998661592,0.059749186802216206
2,2.2600000000000002,0.9360612118806604,-0.031065561051034855,0.06025863529429678,0.15985940043693866,-0.6708182068656143,0.024136718561616033,4.9735124743967285,4.968272794166356,0.9792228106217657,-0.1985739453173904,0.17297971674567286,0.06025863529429678
2,2.2800000000000002,0.9391383460039062,-0.04445919578888988,0.060715171264377234,0.14783891028054472,-0.6685461814849709,0.021516878446429577,4.990031128619619,4.984899926497572,0.9759167619387474,-0.21288964578253633,0.17239915418510157,0.060715171264377234
2,2.3000000000000003,0.9419737955561325,-0.057800826044575856,0.061119852822695594,0.13569261433206548,-0.665617663256526,0.01895127738540625,5.0064199517510515,5.001402094454133,0.9723699203976766,-0.22699524986977354,0.17190310485539043,0.061119852822695594
2,2.32,0.9445651446193754,-0.07107736725283031,0.06147378908391913,0.12343050706303066,-0.6620371808537078,0.016442348736947054,5.0226674909838,5.017767385589744,0.9685831611286312,-0.2408768370508575,0.17148972290119904,0.06147378908391913
2,2.34,0.946910176264328,-0.08427583004299338,0.061778135531687796,0.1110624908656676,-0.6578097254813837,0.01399229603991936,5.03876229472669,5.033983897021133,0.9645574184577982,-0.25452070787518544,0.17115707284577225,0.061778135531687796
2,2.36,0.9490068705799902,-0.09738332951247577,0.06203408946395839,0.09859836329941188,-0.6529407531397772,0.011603097187140698,5.054692913675764,5.050039737021478,0.9602936856769431,-0.2679133974894982,0.1709031780842027,0.06203408946395839
2,2.38,0.9508534024542221,-0.11038709454389863,0.062242885524429775,0.0860478049356099,-0.6474361867264802,0.009276508859997645,5.070447903042271,5.06592302775874,0.9557930147983302,-0.2810416889260651,0.17072606817311714,0.062242885524429775
2,2.4,0.9524481391172757,-0.12327447716212683,0.062405791325212075,0.07342036781101666,-0.6413024179227516,0.007014071218232165,5.086015825931879,5.081621909172607,0.9510565162951536,-0.2938926261462365,0.17062382417717314,0.062405791325212075
2,2.42,0.9537896374605738,-0.13603296192635572,0.06252410316578036,0.06072546449940382,-0.634546308811713,0.004817112838595983,5.1013852578612635,5.0971245439748945,0.9460853588275454,-0.30645352682648813,0.17059462139861145,0.06252410316578036
2,2.44,0.9548766411431818,-0.14865017535138053,0.06259914185312043,0.0479723578092847,-0.6271751931777931,0.0026867558954114523,5.116544792386038,5.112419123746748,0.9408807689542255,-0.3187119948743448,0.17063676889167492,0.06259914185312043
2,2.46,0.955708077498564,-0.16111389535118711,0.06263224862783222,0.03517015111444023,-0.6191968774389544,0.0006239215757665173,5.131483047811868,5.127493876102274,0.9354440308298674,-0.33065593266182586,0.17074874524526715,0.06263224862783222
2,2.48,0.9562830542543351,-0.17341206069705564,0.06262478120079958,0.022327779322573245,-0.6106196411654992,-0.0013706642790304313,5.1461886749474735,5.14233707287631,0.9297764858882513,-0.34227355296434436,0.170929230201512,0.06262478120079958
2,2.5,0.9566008560778133,-0.1855327804814723,0.06257810990486315,0.009454000486052824,-0.6014522371419702,-0.0032964653146122513,5.160650365855179,5.156937039290127,0.9238795325112867,-0.35355339059327373,0.1711771317620649,0.06257810990486315
2,2.52,0.9566609409602431,-0.19746434357830261,0.06249361396574565,-0.003442611942685957,-0.5917038909314738,-0.0051531285971381235,5.174856863547779,5.171282164041961,0.9177546256839813,-0.36448431371070567,0.1714916085159991,0.06249361396574565
2,2.54,0.9564629364525965,-0.20919522808889687,0.06237267789627379,-0.016353676209937357,-0.5813842999047917,-0.006940478350047186,5.188796972575465,5.185360910264343,0.9114032766354453,-0.37505553481522974,0.17187208700132378,0.06237267789627379
2,2.56,0.956006635765867,-0.22071411076307743,0.062216688017717243,-0.029271008714003684,-0.5705036316998242,-0.00865850950560787,5.202459570442167,5.199161827285779,0.9048270524660195,-0.3852566213878947,0.17231827398585484,0.062216688017717243
2,2.58,0.9552919937487535,-0.23200987638330167,0.062027029111823145,-0.04218662981470317,-0.5590725220802103,-0.010307381083801803,5.215833619787037,5.2126735631305445,0.8980275757606156,-0.3950775061878452,0.17283016362195525,0.062027029111823145
2,2.6,0.9543191227555786,-0.24307162709970542,0.06180508120686465,-0.05509276900232769,-0.5471020721653511,-0.011887409412047911,5.228908181263716,5.225884877687544,0.8910065241883679,-0.40450849718747367,0.17340803949375513,0.06180508120686465
2,2.62,0.9530882884172076,-0.2538886917032101,0.06155221650074283,-0.06798186943076036,-0.5346038450075087,-0.0133990612001339,5.241672427047667,5.2387846564767,0.8837656300886935,-0.4135402871372808,0.17405247163535512,0.06155221650074283
2,2.64,0.951599905327627,-0.2644506348234259,0.06126979642388532,-0.08084659182096181,-0.5215898614951232,-0.014842946485617126,5.254115654900133,5.251361924939873,0.8763066800438635,-0.42216396275100765,0.17476430865489812,0.06126979642388532
2,2.66,0.9498545326586989,-0.27474726603770083,0.06095916884437168,-0.09367981774253867,-0.508072595564966,-0.016219811465746914,5.266227302716117,5.263605863182069,0.8686315144381912,-0.4303710135019719,0.17554466515298076,0.06095916884437168
2,2.68,0.9478528697154409,-0.2847686488773517,0.0606216654173865,-0.10647465228261081,-0.494064968709201,-0.01753053123277082,5.277996963483145,5.2755058210885,0.8607420270039436,-0.4381533400219318,0.17639490467534896,0.0606216654173865
2,2.7,0.9455957514439803,-0.2945051097168702,0.06025859908075786,-0.1192244261126905,-0.47958034376683617,-0.01877610243009309,5.289414400577608,5.2870513337429585,0.8526401643540923,-0.4455032620941839,0.1773166184896052,0.06025859908075786
2,2.72,0.9430841439041026,-0.303947246531719,0.05987126169798275,-0.13192269696576833,-0.46463251799238786,-0.019957635847417943,5.300469563325883,5.2982321370736924,0.844327925502015,-0.4524135262330099,0.17831160052397815,0.05987126169798275
2,2.74,0.9403191397180564,-0.3130859375102229,0.05946092184977344,-0.14456325053726057,-0.44923571539784307,-0.021076348973513404,5.311152602758189,5.309038183654061,0.8358073613682702,-0.4588773128419906,0.17938181885286816,0.05946092184977344
2,2.7600000000000002,0.9373019535069885,-0.32191234950501285,0.05902882277478253,-0.15714010082490146,-0.4334045783671604,-0.022133558525577413,5.321453887484738,5.319459658586729,0.8270805742745617,-0.46488824294412573,0.18052938415839956,0.05902882277478253
2,2.7800000000000002,0.9340339173260669,-0.3304179463094966,0.05857618045978094,-0.16964748992405407,-0.41715415854559085,-0.023130672974581823,5.331364019625059,5.329486995402111,0.8181497174250234,-0.4704403844771127,0.18175651563866668,0.05857618045978094
2,2.8000000000000003,0.9305164761090075,-0.33859449674490394,0.058104181879174564,-0.18207988729625563,-0.40049990700901295,-0.0240691850860556,5.340873850723696,5.339110891903985,0.8090169943749475,-0.47552825814757677,0.18306550487060447,0.058104181879174564
2,2.82,0.9267511831323509,-0.3464340825435863,0.0576139833833549,-0.1944319885300979,-0.3834576637212454,-0.0249506644959111,5.349974497587619,5.348322325897805,0.7996846584870906,-0.4801468428384715,0.1844586781669596,0.0576139833833549
2,2.84,0.9227396955094401,-0.3539291060144369,0.057106709234987604,-0.2066987136147631,-0.36604364628992186,-0.025776750340817833,5.358657357983313,5.357112570739985,0.7901550123756905,-0.4842915805643155,0.18593835799114858,0.057106709234987604
2,2.86,0.9184837697236324,-0.36107229747653213,0.05658345029195461,-0.21887520474768044,-0.34827443803397706,-0.02654914396248198,5.366914126134239,5.365473210649531,0.78043040733833,-0.4879583809693736,0.187506824009261,0.05658345029195461
2,2.88,0.9139852572098405,-0.36785672244738166,0.05604526283528143,-0.2309568236988307,-0.3301669753780945,-0.02726960170483561,5.3747368079624875,5.37339615572651,0.7705132427757893,-0.49114362536434436,0.18916627436364333,0.05604526283528143
2,2.9,0.9092460999930339,-0.37427578857250016,0.055493167540004835,-0.24293914875519806,-0.3117385345916024,-0.027939927822824173,5.382117736021267,5.380873656625281,0.760405965600031,-0.49384417029756883,0.1909187877462008,0.055493167540004835
2,2.92,0.904268326391856,-0.38032325228338554,0.05492814858656842,-0.25481797126974115,-0.2930067178912732,-0.02856196752081741,5.389049584068374,5.38789831883377,0.7501110696304597,-0.4960573506572389,0.19276628683099079,0.05492814858656842
2,2.94,0.899054046795015,-0.38599322517139434,0.05435115290997905,-0.2665892918400247,-0.2739894389292806,-0.0291376001381195,5.395525381234437,5.394463116514154,0.7396310949786099,-0.49778098230154,0.19471050359455253,0.05435115290997905
2,2.96,0.8936054495175978,-0.39128018006544646,0.053763089583615246,-0.27824931614231285,-0.2547049076891816,-0.029668732498261075,5.401538525739125,5.400561405859982,0.7289686274214114,-0.4990133642141358,0.19675294700905172,0.053763089583615246
2,2.98,0.8879247967439348,-0.39617895680196524,0.05316482933425431,-0.28979445044745983,-0.23517161481439228,-0.030157292437832495,5.407082798124118,5.406186937940037,0.7181262977631888,-0.4997532801828658,0.19889487353857502,0.05316482933425431
2,3.0,0.8820144205631109,-0.40068476767595723,0.05255720418457725,-0.30122129684537785,-0.21540831539459035,-0.030605222529873077,5.4121523739541315,5.411333870982886,0.7071067811865476,-0.5,0.20113726080430872,0.05255720418457725
2,3.02,0.8758767191026818,-0.4047932025626613,0.051941007219123564,-0.312526648205135,-0.19543401223709453,-0.031014474015495952,5.416741835961762,5.4159967820796515,0.6959127965923144,-0.4997532801828658,0.20348078471185624,0.051941007219123564
2,3.04,0.8695141527656085,-0.40850023369974464,0.05131699246940309,-0.32370748289793433,-0.1752679386509143,-0.031387000956551225,5.4208461856022705,5.42017067827361,0.6845471059286888,-0.4990133642141358,0.2059258002560302,0.05131699246940309
2,3.06,0.8629292405748793,-0.41180222012058554,0.05068587491362877,-0.3347609593102678,-0.1549295407721625,-0.03172475462088131,5.424460853991936,5.423851007012755,0.6730125135097733,-0.49778098230154,0.20847232613776603,0.05068587491362877
2,3.08,0.8561245566297433,-0.41469591172976583,0.05004833058631524,-0.3456844101744655,-0.1344384594602135,-0.03202967811047175,5.427581712206009,5.4270336659438865,0.6613118653236519,-0.49605735065723894,0.211120033247135,0.05004833058631524
2,3.1,0.8491027266769354,-0.4171784530124871,0.0494049967927952,-0.3564753367436646,-0.11381451179457724,-0.03230370124153292,5.430205080915397,5.4297150120298925,0.6494480483301838,-0.4938441702975689,0.21386823698852747,0.0494049967927952
2,3.12,0.8418664247997366,-0.41924738637023057,0.04875647242353701,-0.36713140283790135,-0.09307767220291896,-0.03254873568428518,5.432327739343897,5.431891869974823,0.6374239897486899,-0.49114362536434436,0.21671589335141114,0.04875647242353701
2,3.14,0.8344183702271827,-0.4209006550755915,0.04810331836300594,-0.3776504287875924,-0.07224805325100125,-0.03276667036882219,5.433946933530656,5.433561539943957,0.6252426563357051,-0.48795838096937366,0.21966159856482634,0.04810331836300594
2,3.16,0.8267613242652155,-0.42213660583983764,0.047446057987696,-0.3880303853001204,-0.051345886125565815,-0.03295936716217163,5.435060383885083,5.434721804568873,0.6129070536529765,-0.48429158056431554,0.2227035921176245,0.047446057987696
2,3.18,0.8188980873510616,-0.42295399098736236,0.04678517774787152,-0.3982693872745764,-0.030391500841309187,-0.033128656820276325,5.435666292023875,5.435370935229765,0.600420225325884,-0.48014684283847153,0.2258397628805775,0.04678517774787152
2,3.2,0.8108314962316315,-0.4233519702318269,0.046121127827495445,-0.4083656875889494,-0.009405306203158409,-0.03327633521733098,5.435763346881967,5.435507697609427,0.5877852522924732,-0.4755282581475768,0.22906765803149456,0.046121127827495445
2,3.22,0.8025644212662533,-0.4233301120494102,0.04545432287678613,-0.41831767088319116,0.011592230444974993,-0.0334041598536009,5.435350730092106,5.435131356516097,0.5750052520432783,-0.47044038447711267,0.23238449446050158,0.04545432287678613
2,3.24,0.7940997638535968,-0.4228883946452067,0.044785142811834065,-0.4281238473606355,0.032580603653913576,-0.03351384664160528,5.434428120630291,5.434241679974912,0.5620833778521305,-0.4648882429441256,0.23578717231926258,0.044785142811834065
2,3.2600000000000002,0.7854404539822056,-0.42202720650943165,0.04411393367572507,-0.4377828466292242,0.053539290454575936,-0.03360706696929483,5.432995698720889,5.43283894258405,0.5490228179981317,-0.45887731284199057,0.23927229037441633,0.04411393367572507
2,3.2800000000000002,0.7765894479036326,-0.4207473465607087,0.04344100855565498,-0.44729341160287633,0.07444777106421799,-0.03368544503771431,5.431054149006873,5.430923928143262,0.5358267949789967,-0.4524135262330098,0.24283616283071838,0.04344100855565498
2,3.3000000000000003,0.767549725926785,-0.41905002387432555,0.04276664855058263,-0.45665439248218404,0.09528554968330591,-0.033750555469519994,5.428604662983656,5.428497931555375,0.5224985647159489,-0.44550326209418395,0.2464748373020982,0.04276664855058263
2,3.3200000000000003,0.7583242903317091,-0.4169368569939452,0.04209110378405083,-0.4658647408323841,0.11603217535299187,-0.0338039211836606,5.4256489407002695,5.425562760006416,0.5090414157503711,-0.4381533400219317,0.25018411362756815,0.04209110378405083
2,3.34,0.7489161634006998,-0.41440987282585806,0.04141459445690835,-0.4749235037752891,0.13666726284357544,-0.03384701153058722,5.422189191732412,5.422120733430694,0.49545866843240777,-0.430371013501972,0.2539595632522715,0.04141459445690835
2,3.36,0.7393283855643005,-0.41147150511544606,0.040737311934788016,-0.4838298183105532,0.1571705135447589,-0.03388124068144627,5.418228135433077,5.418174684268223,0.4817536741017156,-0.42216396275100776,0.25779654892050463,0.040737311934788016
2,3.38,0.7295640136594638,-0.40812459250611227,0.04005941986533482,-0.4925829057803135,0.17752173632895718,-0.03390796626387338,5.41376900046781,5.413727956522927,0.4679298142605734,-0.4135402871372809,0.26169024445599115,0.04005941986533482
2,3.4,0.7196261192968756,-0.40437237618149646,0.03938105532033293,-0.5011820664898918,0.19770086835941034,-0.03392848823631478,5.408815523642519,5.408784404130909,0.45399049973954686,-0.4045084971874738,0.2656356544339147,0.03938105532033293
2,3.42,0.7095177873342069,-0.40021849709235857,0.038702329958048586,-0.5096266744958805,0.21768799581534995,-0.03394404799211992,5.403371948032957,5.403348388648958,0.4399391698559153,-0.3950775061878453,0.26962763357821345,0.038702329958048586
2,3.44,0.6992421144518429,-0.39566699277006173,0.03802333120128619,-0.5179161725715655,0.23746337450700233,-0.03395582768411953,5.397443020425666,5.397424776274137,0.4257792915650729,-0.3852566213878948,0.27366090574562457,0.03802333120128619
2,3.46,0.6888022078274549,-0.39072229372912476,0.037344123426846156,-0.5260500673582852,0.2570074503537537,-0.03396494975988362,5.391033988081224,5.391018934205939,0.4115143586051087,-0.37505553481522974,0.27773008238435515,0.037344123426846156
2,3.48,0.6782011839056221,-0.3853892194618421,0.03666474916227206,-0.5340279247099741,0.2763008796993644,-0.03397247669752612,5.384150594831155,5.384136726363054,0.3971478906347806,-0.3644843137107058,0.2818296803795681,0.03666474916227206
2,3.5,0.6674421672585771,-0.37967297402848627,0.03598523028598103,-0.5418493652368197,0.2953245494386878,-0.03397941093157664,5.37679907652066,5.376784508467373,0.3826834323650899,-0.35355339059327384,0.28595413921985524,0.03598523028598103
2,3.52,0.6565282895340455,-0.3735791412471114,0.03530556922708306,-0.5495140600526662,0.31405959693093577,-0.033986694958220265,5.3689861558099246,5.368969122508154,0.36812455268467814,-0.3422735529643445,0.2900978374383533,0.03530556922708306
2,3.54,0.6454626884860688,-0.3671136794874723,0.034625750161409806,-0.5570217267295368,0.3324874296751169,-0.03399521160910568,5.360719036347259,5.360697890599882,0.3534748437792574,-0.33065593266182614,0.29425510829912865,0.034625750161409806
2,3.56,0.6342485070846442,-0.360282916074052,0.03394574020049081,-0.564372125461431,0.3505897447238766,-0.03400578448279423,5.352005396327849,5.351978608247485,0.3387379202452913,-0.3187119948743448,0.2984202547139369,0.03394574020049081
2,3.58,0.6228888926999848,-0.35309354130366205,0.033265490570433105,-0.57156505543838,0.3683485478125666,-0.03401917852297609,5.342853381452379,5.342819537033059,0.32391741819814945,-0.30645352682648824,0.30258756338658827,0.033265490570433105
2,3.6,0.6113869963571951,-0.34555260208353694,0.032584937777876986,-0.5786003514306192,0.38574617218098084,-0.034036100732635854,5.333271597300136,5.3332293967384645,0.3090169943749475,-0.2938926261462367,0.3067513181920932,0.032584937777876986
2,3.62,0.5997459720571684,-0.33766749519628836,0.03190400476041591,-0.5854778805816758,0.4027652970658066,-0.03405720101347176,5.323269101131647,5.323217356918453,0.29404032523230417,-0.28104168892606546,0.31090581280568147,0.03190400476041591
2,3.64,0.5879689761595509,-0.3294459601985186,0.031222602019080503,-0.5921975394081581,0.41938896584245466,-0.03408307312006886,5.312855393136147,5.312793027939155,0.2789911060392291,-0.26791339748949816,0.31504536260295907,0.031222602019080503
2,3.66,0.576059166823666,-0.3208960719603127,0.03054062873069417,-0.5987592510030885,0.4356006037955502,-0.034114255718564634,5.302040407139635,5.3019664514971,0.2638730499653728,-0.2545207078751856,0.319164315857041,0.03054062873069417
2,3.68,0.5640197035033693,-0.3120262328532374,0.029857973838110202,-0.6051629624387416,0.4513840354979904,-0.03415123353983185,5.2908345007893285,5.290748090633986,0.24868988716485482,-0.24087683705085766,0.3232570642617496,0.029857973838110202
2,3.7,0.5518537464918898,-0.30284516459486904,0.029174517116536854,-0.6114086423641335,0.4667235017790942,-0.03419443861750293,5.279248445230834,5.2791488192627565,0.23344536385590553,-0.22699524986977349,0.3273180528120434,0.029174517116536854
2,3.72,0.539564456512821,-0.29336189975825916,0.028490130214346404,-0.6174962787915592,0.4816036762630016,-0.034244251601541875,5.267293414294387,5.267179911220658,0.21814324139654231,-0.2128896457825361,0.3313417890739989,0.028490130214346404
2,3.74,0.5271549943535412,-0.2835857729551124,0.02780467766694692,-0.6234258770658976,0.49600968145910634,-0.03430100313840645,5.254980973206839,5.254853028865082,0.20278729535651233,-0.19857394531739017,0.3353228518770126,0.02780467766694692
2,3.7600000000000002,0.5146285205374763,-0.27352641170181385,0.027118017882470005,-0.6291974580097928,0.5099271043869399,-0.034364975309285284,5.242323066846218,5.242180211228246,0.18738131458572457,-0.18406227634233893,0.3392558994606382,0.027118017882470005
2,3.7800000000000002,0.5019881950317621,-0.2631937269777852,0.02643000409819444,-0.6348110562372805,0.5233420117185583,-0.03443640311827145,5.2293320075558976,5.229173861746907,0.17192910027940958,-0.1693689601226457,0.34313567710770576,0.02643000409819444
2,3.8000000000000003,0.48923717698701363,-0.25259790348598293,0.025740485306784057,-0.640266718627954,0.5362409644221247,-0.03451547602276672,5.216020462535525,5.215846735583396,0.15643446504023098,-0.15450849718747384,0.34695702429425923,0.025740485306784057
2,3.8200000000000003,0.4763786245060755,-0.24174938962567138,0.025049307151568077,-0.6455645029533627,0.5486110318910167,-0.03460233949883118,5.202401440826129,5.202211926554533,0.14090123193758242,-0.1394955530196144,0.3507148813854539,0.025049307151568077
2,3.84,0.4634156944387924,-0.2306588871879102,0.02435631279023347,-0.650704476646997,0.56043980554344,-0.0346970966346295,5.188488279906766,5.188282853685009,0.12533323356430454,-0.12434494358242767,0.3544042959049725,0.02435631279023347
2,3.86,0.4503515422000188,-0.21933734078448966,0.023661343726432096,-0.6556867157089462,0.5717154118781687,-0.03479980974550789,5.174294631920452,5.174073247402068,0.10973431109104564,-0.10907162069827166,0.35802042840384934,0.023661343726432096
2,3.88,0.43718932160826396,-0.20779592702132896,0.022964240608930018,-0.6605113037361028,0.5824265249726914,-0.03491050200469992,5.159834449546993,5.1595971353884185,0.09410831331851435,-0.09369065729286234,0.36155855795281266,0.022964240608930018
2,3.9,0.42393218474255434,-0.1960460434276194,0.022264843998043144,-0.6651783310686493,0.5925623784106936,-0.035029159083987405,5.145121971540666,5.144868828110501,0.07845909572784507,-0.07821723252011556,0.36501408728053436,0.022264843998043144
2,3.92,0.41058328181528125,-0.18409929715225,0.02156299509921257,-0.6696878940434753,0.6021127766264673,-0.035155730799070084,5.130171707950609,5.129902904039234,0.06279051952931358,-0.06266661678215232,0.36838254757842415,0.02156299509921257
2,3.94,0.39714576105898863,-0.17196749343929485,0.020858536463674294,-0.6740400943451482,0.6110681056545003,-0.035290132754757564,5.114998425042039,5.114714194580782,0.04710645070964296,-0.047054156659257454,0.37165960299092043,0.020858536463674294
2,3.96,0.38362276862524325,-0.1596626238945683,0.020151312656272857,-0.6782350384450928,0.6194193432731652,-0.03543224798538602,5.099617129936382,5.099317768734647,0.031410759078128236,-0.03139525976465663,0.37484105480863805,0.020151312656272857
2,3.98,0.37001744849391655,-0.14719685455547127,0.01944117089055646,-0.6822728371197158,0.6271580685320973,-0.03558192858625364,5.08404305498857,5.0837289174968845,0.01570731731182071,-0.01570537953906418,0.37792284538019705,0.01944117089055646
2,4.0,0.35633294239138974,-0.13458251377655112,0.018727961631372962,-0.6861536050383507,0.6342764706535273,-0.03573899733209618,5.068291641919763,5.067963138026073,1.2246467991473532e-16,-1.2246467991473532e-16,0.3809010617571457,0.018727961631372962
2,4.0200000000000005,0.34257238971637616,-0.12183207994338725,0.01801153916526259,-0.6898774604120773,0.640767357298508,-0.035903249278941174,5.052378525723905,5.0520361175900135,-0.015707317311820908,0.01570537953906438,0.3837719390850479,0.01801153916526259
2,4.04,0.3287389274722302,-0.10895816902758791,0.017291762139014306,-0.6934445246947025,0.6466241621896628,-0.0360744533458871,5.036319518366476,5.035963717311035,-0.031410759078127994,0.03139525976465639,0.386531863752603,0.017291762139014306
2,4.0600000000000005,0.31483569020478513,-0.09597352199584452,0.016568494066819362,-0.6968549223274588,0.6518409520827639,-0.03625235387360737,5.02013059229397,5.019761955728072,-0.047106450709642714,0.04705415665925721,0.3891773763095519,0.016568494066819362
2,4.08,0.3008658099449263,-0.08289099208613715,0.015841603806517723,-0.7001087805192906,0.6564124330801401,-0.03643667215655666,5.00382786377262,5.00344699219365,-0.06279051952931335,0.06266661678215209,0.39170517416308226,0.015841603806517723
2,4.1,0.28683241615526667,-0.06972353196431733,0.015110966005491742,-0.7032062290549461,0.6603339562796056,-0.036627107946041515,4.987427576074891,4.9870351101240615,-0.07845909572784437,0.07821723252011487,0.3941121140615793,0.015110966005491742
2,4.12,0.27273863568044304,-0.056484180774414,0.014376461516816763,-0.7061474001234783,0.6636015227532996,-0.03682334092145634,4.97094608253244,4.970542700121023,-0.0941083133185141,0.0936906572928621,0.3963952143737057,0.014376461516816763
2,4.14,0.258587592700695,-0.04318605109611334,0.013637977786330554,-0.7089324281601717,0.666211787851523,-0.03702503212716468,4.954399829474061,4.9539862429832695,-0.10973431109104496,0.10907162069827098,0.39855165717008156,0.013637977786330554
2,4.16,0.24438240868852387,-0.0298423158229546,0.0128954092113333,-0.7115614496953581,0.6681620648273611,-0.037231825372560645,4.937805339067364,4.937382292626454,-0.12533323356430429,0.12434494358242744,0.4005787901142093,0.0128954092113333
2,4.18,0.23012620236835546,-0.01646619497486127,0.012148657471677536,-0.714034603204054,0.6694503277785878,-0.03744334859301579,4.921179192082782,4.920747458929874,-0.1409012319375822,0.13949555301961417,0.4024741281686801,0.012148657471677536
2,4.2,0.2158220896792461,-0.003070942458689824,0.01139763183405268,-0.7163520289508452,0.6700752139040512,-0.037659215169469795,4.904538010598605,4.904098390528504,-0.15643446504023073,0.1545084971874736,0.4042353551222526,0.01139763183405268
2,4.22,0.20147318374077863,0.010330167209472673,0.010642249430312778,-0.7185138688249587,0.6700360250724512,-0.037879025204520356,4.887898440665671,4.887451757568789,-0.17192910027940933,0.1693689601226455,0.40586032494291946,0.010642249430312778
2,4.24,0.18708259482239042,0.023723852206496237,0.009882435510737959,-0.7205202661609941,0.6693327287021271,-0.038102366752961525,4.871277134950359,4.870824234446727,-0.18738131458572477,0.1840622763423391,0.40734706296176304,0.009882435510737959
2,4.26,0.1726534303164605,0.037096836715094464,0.009118123673160564,-0.7223713655413316,0.66796595795119,-0.03832881700477786,4.854690735374463,4.854232482546642,-0.2027872953565121,0.19857394531738995,0.4086937668920408,0.009118123673160564
2,4.28,0.1581887947155575,0.05043586423361722,0.008349256068925903,-0.7240673125767942,0.6659370112180392,-0.038557943418688345,4.838155855770546,4.837693132999032,-0.2181432413965425,0.21288964578253627,0.4098988076877302,0.008349256068925903
2,4.3,0.14369178959431247,0.06372771086896481,0.007575783586694564,-0.7256082536627069,0.6632478509530214,-0.038789304804445535,4.821689064571209,4.8212227694758445,-0.23344536385590528,0.2269952498697733,0.4109607302454988,0.007575783586694564
2,4.32,0.12916551359643197,0.0769591985988612,0.00679766601512883,-0.7269943357080731,0.6599011017826983,-0.03902245235212776,4.805306867550759,4.804837911041356,-0.24868988716485502,0.24087683705085783,0.4118782539539473,0.00679766601512883
2,4.34,0.11461306242740708,0.09011720848976029,0.00601487218553926,-0.7282257058361666,0.6559000479489003,-0.03925693060682922,4.789025690637589,4.788554995076777,-0.2638730499653726,0.2545207078751854,0.41265027309378255,0.00601487218553926
2,4.36,0.10003752885350195,0.10318869385670978,0.0052273800955986134,-0.7293025110554151,0.6512486300654537,-0.03949227838723546,4.7728618628155015,4.772390360296569,-0.2789911060392293,0.26791339748949833,0.4132758570925204,0.0052273800955986134
2,4.38,0.08544200270762194,0.11616069335156227,0.004435177015259242,-0.7302248979000342,0.6459514411961746,-0.039728029646701635,4.756831599132108,4.756360229874265,-0.2940403252323039,0.28104168892606524,0.4137542506371924,0.004435177015259242
2,4.4,0.07082957090266707,0.12902034396600162,0.0036382595760359937,-0.7309930120404444,0.6400137222584269,-0.039963714275623174,4.7409509838322945,4.74048069469543,-0.30901699437494773,0.2938926261462368,0.4140848736485316,0.0036382595760359937
2,4.42,0.05620331745296966,0.1417548939359462,0.002836633844839207,-0.7316069978640717,0.6334413567572418,-0.040198858844055496,4.725235953634537,4.724767696755206,-0.3239174181981492,0.3064535268264881,0.4142673211200242,0.002836633844839207
2,4.44,0.04156632350439749,0.15435171553399696,0.002030315383561443,-0.7320669980276951,0.626240864855693,-0.04043298728372091,4.70970228116638,4.70923701271621,-0.3387379202452915,0.31871199487434493,0.4143013628252507,0.002030315383561443
2,4.46,0.026921667373675403,0.1667983177367188,0.0012193292956361756,-0.7323731529830542,0.6184193967878532,-0.040665621508805816,4.6943655585850825,4.693904237652513,-0.35347484377925714,0.33065593266182597,0.41418694289688546,0.0012193292956361756
2,4.48,0.012272424597438023,0.1790823587536806,0.0004037102607972097,-0.7325256004779626,0.6099847256216923,-0.040896281975090765,4.679241181378725,4.678784768973897,-0.3681245526846783,0.34227355296434464,0.4139241792807876,0.0004037102607972097
2,4.5,-0.002378332008523266,0.19119165840532396,-0.0004164974407287427,-0.7325244750356986,0.6009452393790633,-0.04112448817750447,4.664344332394737,4.6638937905776645,-0.38268343236508967,0.3535533905932737,0.4135133630685828,0.0004164974407287427
2,4.5200000000000005,-0.01702753227941682,0.20311421033689311,-0.0012412399133641962,-0.7323699074159432,0.5913099325218111,-0.04134975908604088,4.649689966089718,4.649246257220217,-0.3971478906347808,0.36448431371070594,0.41295495771220053,0.0012412399133641962
2,4.54,-0.03167210862067853,0.21483819405583574,-0.0020704536394325172,-0.7320620240610191,0.581088396812762,-0.041571613520791195,4.635292793026283,4.63485687913412,-0.4115143586051085,0.3750555348152296,0.41224959812381373,0.0020704536394325172
2,4.5600000000000005,-0.0463089959160184,0.22635198678027035,-0.002904065479309153,-0.7316009465316453,0.5702908115613935,-0.04178957046687237,4.621167264631649,4.6207401069042815,-0.42577929156507266,0.3852566213878946,0.41139808966469843,0.002904065479309153
2,4.58,-0.060935131424122234,0.23764417508631783,-0.003741992677283437,-0.7309867909368568,0.5589279332645536,-0.042003149330556044,4.60732755823384,4.606910116618407,-0.4399391698559151,0.39507750618784515,0.41040140702650013,0.003741992677283437
2,4.6000000000000005,-0.07554745466394161,0.24870356634230786,-0.004584142871971722,-0.7302196673631478,0.5470110846532406,-0.042211870138272434,4.593787562391012,4.593380795306399,-0.4539904997395471,0.4045084971874739,0.40926069300845846,0.004584142871971722
2,4.62,-0.0901429072886106,0.2595191999180978,-0.005430414110160233,-0.729299679308281,0.5345521431570649,-0.042415253680578746,4.5805608625291745,4.580165726683049,-0.4679298142605732,0.4135402871372808,0.40797725719410083,0.005430414110160233
2,4.64,-0.10471843294813997,0.27008035815798015,-0.006280694863002436,-0.7282269231255533,0.5215635287986311,-0.04261282160364155,4.567660726903112,4.567278177207952,-0.481753674101715,0.42216396275100737,0.40655257453094884,0.006280694863002436
2,4.66,-0.11927097714115852,0.28037657710590497,-0.007134864043551066,-0.7270014874846308,0.5080581915306671,-0.04280409645122141,4.555100092895004,4.554731082476195,-0.49545866843240755,0.4303710135019718,0.4049882838167221,0.007134864043551066
2,4.68,-0.13379748705609668,0.2903976569720067,-0.00799279102466954,-0.7256234528553522,0.49404959802931575,-0.0429886016606259,4.542891553664791,4.542537033952944,-0.5090414157503709,0.43815334002193157,0.4032861860955113,0.00799279102466954
2,4.7,-0.14829491140233772,0.3001336723296982,-0.008854335656441295,-0.72409289102115,0.479551717957566,-0.043165861516549664,4.531047345166026,4.530708266064676,-0.5224985647159488,0.4455032620941839,0.4014482429673196,0.008854335656441295
2,4.72,-0.16276020023199728,0.30957498203287975,-0.009719348282279038,-0.7224098646289555,0.46457900971336025,-0.043335401067224555,4.519579333540332,4.519256643659363,-0.5358267949789964,0.4524135262330097,0.39947657481426135,0.009719348282279038
2,4.74,-0.177190304753131,0.31871223884310834,-0.010587669753028373,-0.7205744267826326,0.4491464056774463,-0.04349674600770903,4.508499002903472,4.50819364984754,-0.5490228179981318,0.4588773128419906,0.39737345894662596,0.010587669753028373
2,4.76,-0.19158217713531245,0.32753639875687657,-0.011459131438462214,-0.7185866206871224,0.4332692969765712,-0.04364942253567505,4.497817443535265,4.49753037423579,-0.5620833778521303,0.46488824294412556,0.39514132767181165,0.011459131438462214
2,4.78,-0.20593277030866816,0.33603873002347034,-0.012333555235673088,-0.7164464793505823,0.4169635177781169,-0.04379295718541243,4.4875453404854335,4.487277501563759,-0.5750052520432785,0.4704403844771127,0.39278276628897624,0.012333555235673088
2,4.8,-0.22023903775760295,0.3442108218441992,-0.013210753573989709,-0.7141540253518596,0.40024532913277133,-0.04392687664624961,4.47769296260681,4.477445300755448,-0.587785252292473,0.47552825814757677,0.3903005110119693,0.013210753573989709
2,4.82,-0.2344979333105956,0.35204459274413097,-0.014090529416171506,-0.7117092706806595,0.3831314023823012,-0.04405070757193019,4.468270152027016,4.46804361439516,-0.6004202253258842,0.4801468428384716,0.3876974468228481,0.014090529416171506
2,4.84,-0.24870641092759205,0.3595322986078081,-0.01497267625576939,-0.7091122166577383,0.36563880214995137,-0.044163976387858184,4.459286314069259,4.459081848638111,-0.6129070536529763,0.4842915805643155,0.38497660525788613,0.01497267625576939
2,4.86,-0.26286142448666944,0.3666665403707777,-0.015856978110682294,-0.7063628539423855,0.34778496893143757,-0.04426620910343215,4.450750407632404,4.450568963565385,-0.6252426563357052,0.4879583809693737,0.3821411621275832,0.015856978110682294
2,4.88,-0.276959927571788,0.37344027135913105,-0.016743209513086027,-0.7034611626343464,0.32958770130492415,-0.04435693113694128,4.442670936040078,4.442513463992523,-0.6374239897486896,0.4911436253643443,0.3791944351716541,0.016743209513086027
2,4.9,-0.29099887326359003,0.3798468042696201,-0.01763113549606263,-0.7004071124771775,0.31106513777878386,-0.044435667160719006,4.4350559383681345,4.434923390740813,-0.6494480483301839,0.4938441702975689,0.3761398816494095,0.01763113549606263
2,4.92,-0.30497521393534227,0.38587981778329916,-0.018520511577413617,-0.697200663169827,0.29223573829633154,-0.04450194097437954,4.427912981259748,4.427806312380349,-0.6613118653236517,0.4960573506572389,0.3729810958652216,0.018520511577413617
2,4.94,-0.31888590105625225,0.39153336280602596,-0.019411083741298206,-0.693841764792987,0.2731182654171105,-0.04455527541407933,4.421249151234136,4.4211693174508016,-0.6730125135097734,0.49778098230154,0.36972180662799686,0.019411083741298206
2,4.96,-0.33272788500451655,0.39680186832955233,-0.020302588418496463,-0.6903303583564712,0.2537317651945702,-0.04459519230574649,4.415071047503355,4.415019007174567,-0.6845471059286887,0.4990133642141358,0.3663658746426251,0.020302588418496463
2,4.98,-0.3464981148925813,0.40168014690733667,-0.021194752466255334,-0.6866663764735341,0.23409554777057243,-0.044621212470140725,4.4093847752959405,4.409361488661137,-0.6959127965923146,0.4997532801828658,0.3629172898303492,0.021194752466255334
2,5.0,-0.3601935384072091,0.40616339973961807,-0.022087293148832166,-0.6828497441676722,0.2142291677071276,-0.0446328557875425,4.404195939701545,4.404202368617405,-0.7071067811865475,0.5,0.35938016857375826,0.022087293148832166
2,5.0200000000000005,-0.373811101667054,0.4102472213627077,-0.022979918120003717,-0.6788803798170165,0.1941524040763517,-0.044629641329612446,4.399509640040462,4.399546747568335,-0.7181262977631889,0.49975328018286574,0.3557587508807583,0.022979918120003717
2,5.04,-0.38734774910054304,0.41392760393787226,-0.023872325408956598,-0.6747581962409603,0.17388524032980318,-0.04461108756567567,4.395330464765039,4.395399214595732,-0.7289686274214113,0.4990133642141358,0.35205739746028814,0.023872325408956598
2,5.0600000000000005,-0.4008004233469508,0.41720094113561285,-0.02476420341111665,-0.6704831019331507,0.15344784396865613,-0.044576712650329475,4.391662486898961,4.391763842601974,-0.7396310949786097,0.49778098230154,0.34828058670081447,0.02476420341111665
2,5.08,-0.4141660651836311,0.4200640316115721,-0.025655230885608175,-0.6660550024444205,0.13286054603641675,-0.04452603479882311,4.388509260020072,4.388644184105475,-0.7501110696304595,0.49605735065723894,0.34443291154063094,0.025655230885608175
2,5.1000000000000005,-0.4274416134824342,0.4225140820707405,-0.026545076961157623,-0.6614738019186364,0.11214382045612944,-0.04445857275612164,4.385873814793504,4.386043267575817,-0.7604059656000312,0.49384417029756883,0.34051907621679317,0.026545076961157623
2,5.12,-0.440624005198393,0.42454870991707394,-0.02743340115236849,-0.6567394047838042,0.09131826323429607,-0.044373846364964886,4.383758656053606,4.383963594308724,-0.7705132427757894,0.4911436253643443,0.3365438928770286,0.02743340115236849
2,5.14,-0.4537101753937999,0.4261659454860782,-0.0283198533883922,-0.6518517176001002,0.07040457155368345,-0.04427137723740626,4.382165760446931,4.382407135854119,-0.7804304073383292,0.4879583809693739,0.33251227803623185,0.0283198533883922
2,5.16,-0.46669705730082356,0.42736423385836525,-0.029204074056104385,-0.6468106510657758,0.04942352277767508,-0.04415068953381229,4.381096574640839,4.381375332003746,-0.7901550123756904,0.48429158056431554,0.32842924885611824,0.029204074056104385
2,5.18,-0.47958158242582605,0.4281424362526399,-0.030085694059966098,-0.641616122181135,0.02839595338900814,-0.0440113108523591,4.380552014092244,4.380869089335077,-0.7996846584870905,0.48014684283847153,0.3242999192232834,0.030085694059966098
2,5.2,-0.49236068069853617,0.4284998309970322,-0.030964334900799112,-0.6362680565700062,0.007342737885520072,-0.0438527732309425,4.3805324623866975,4.380888780323121,-0.8090169943749473,0.4755282581475768,0.32012949559730947,0.030964334900799112
2,5.22,-0.5050312806692169,0.4284361140781443,-0.03183960877573584,-0.6307663909573141,-0.0137152323440849,-0.04367461426273056,4.381037771148627,4.381434243023116,-0.8181497174250233,0.47044038447711284,0.3159232725966063,0.03183960877573584
2,5.24,-0.5175903097569261,0.42795139926764403,-0.03271111870161801,-0.6251110758005112,-0.03475707014141934,-0.04347637832548601,4.382067260524649,4.38250478132823,-0.8270805742745616,0.46488824294412584,0.3116866282854894,0.03271111870161801
2,5.26,-0.5300346945519193,0.42704621782669605,-0.03357845866410983,-0.6193020780717641,-0.055761913673458466,-0.04325761792369576,4.383619720241548,4.384099165806015,-0.83580736136827,0.45887731284199074,0.30742501912150183,0.03357845866410983
2,5.28,-0.542361361175169,0.4257215177889854,-0.03444121379476141,-0.6133393841868976,-0.07670894747832609,-0.04301789514146204,4.385693411239736,4.38621563511666,-0.8443279255020153,0.4524135262330096,0.30314397451728325,0.03444121379476141
2,5.3,-0.5545672356978883,0.42397866282354985,-0.03529896057820603,-0.6072230030761905,-0.09757742343869726,-0.04275678320300036,4.3882860678824605,4.388851898015656,-0.8526401643540918,0.4455032620941842,0.2988490909664066,0.03529896057820603
2,5.32,-0.5666492446238395,0.42181943067909905,-0.036151267091600055,-0.6009529693911918,-0.1183466816597229,-0.042473868136402415,4.391394900740312,4.392005135942695,-0.8607420270039438,0.4381533400219317,0.2945460256776371,0.036151267091600055
2,5.34,-0.5786043154370791,0.41924601121196203,-0.03699769327831619,-0.5945293468407931,-0.13899617122844446,-0.042168750535210964,4.39501659994987,4.395672006197963,-0.8686315144381913,0.43037101350197177,0.29024048965708327,0.03699769327831619
2,5.36,-0.5904293772176513,0.4162610040002609,-0.03783779125777994,-0.5879522316488491,-0.15950547083176425,-0.041841047411164456,4.3991473391445375,4.399848645706189,-0.8763066800438636,0.42216396275100754,0.28593824017294867,0.03783779125777994
2,5.38,-0.6021213613275722,0.4128674155473693,-0.03867110567319497,-0.5812217561246993,-0.17985430921017248,-0.041490394130338504,4.403782779954763,4.404530675367846,-0.8837656300886934,0.41354028713728097,0.2816450725330787,0.03867110567319497
2,5.4,-0.6136772021692708,0.4090686560781657,-0.03949717407873632,-0.5743380923370005,-0.2000225854246072,-0.04111644642379664,4.408918077074047,4.409713204996144,-0.8910065241883678,0.40450849718747384,0.2773668111016175,0.03949717407873632
2,5.42,-0.6250938380184468,0.4048685359320443,-0.040315527367601765,-0.5673014558803574,-0.21999038891403672,-0.04071888246274813,4.414547883886088,4.415390838837153,-0.8980275757606155,0.3950775061878453,0.2731092994779979,0.040315527367601765
2,5.44,-0.6363682119330886,0.4002712615570893,-0.0411256902421014,-0.5601121097233187,-0.2397380193216153,-0.04029740498721546,4.420666358647549,4.421557681669635,-0.9048270524660198,0.3852566213878943,0.26887838975956435,0.0411256902421014
2,5.46,-0.6474972727401566,0.39528143111026115,-0.04192718172673528,-0.552770368125419,-0.2592460060675627,-0.03985174347617215,4.427267171219834,4.428207345479732,-0.9114032766354451,0.3750555348152301,0.2646799308087362,0.04192718172673528
2,5.48,-0.658477976101181,0.3899040296688744,-0.04271951572495923,-0.5452766006100783,-0.2784951276472668,-0.03938165634622315,4.434343510342215,4.435332956704557,-0.9177546256839813,0.3644843137107055,0.260519755447214,0.04271951572495923
2,5.5,-0.6693072856577523,0.38414442405907445,-0.043502201620071984,-0.5376312359793439,-0.29746643063350464,-0.038886933165051984,4.44188809143762,4.442927164037532,-0.9238795325112865,0.35355339059327423,0.2564036665037426,0.043502201620071984
2,5.5200000000000005,-0.6799821742575948,0.3780083573074376,-0.04427474492037346,-0.5298347663556688,-0.3161412483621156,-0.038367396865095826,4.449893164941072,4.450982146786776,-0.9297764858882515,0.3422735529643442,0.252337421649015,0.04427474492037346
2,5.54,-0.6904996252616068,0.37150194272222675,-0.045036647948446855,-0.5218877512351778,-0.33450121928095505,-0.03782290594224358,4.458350525139855,4.4594896237767205,-0.9354440308298674,0.33065593266182586,0.24832671696183417,0.045036647948446855
2,5.5600000000000005,-0.7008566339319384,0.36463165761123434,-0.0457874105741074,-0.5137908215361889,-0.35252830494248993,-0.03725335662381102,4.467251519513087,4.468440862781515,-0.9408807689542255,0.3187119948743449,0.24437716918539415,0.0457874105741074
2,5.58,-0.711050208900841,0.3574043366435298,-0.04652653099024148,-0.5055446836261277,-0.37020480762098673,-0.03665868498959701,4.476587058557346,4.477826690477551,-0.9460853588275453,0.3064535268264883,0.2404942966518763,0.04652653099024148
2,5.6000000000000005,-0.7210773737196849,0.34982716486280396,-0.0472535065304324,-0.4971501233094186,-0.3875133875358716,-0.03603886902949449,4.486347626083732,4.487637502900788,-0.9510565162951535,0.2938926261462367,0.236683498878107,0.0472535065304324
2,5.62,-0.7309351684871843,0.34190767036036535,-0.04796783452693701,-0.4886080097584517,-0.40443707966352294,-0.03539393062096641,4.4965232899706,4.497863276393328,-0.95579301479833,0.2810416889260655,0.2329500348650915,0.04796783452693701
2,5.64,-0.7406206515555089,0.33365371661618837,-0.0486690132072427,-0.4799192993693231,-0.4209593101204752,-0.034723937409602335,4.507103713355038,4.508493579022123,-0.960293685676943,0.2679133974894986,0.2292990001700743,0.0486690132072427
2,5.66,-0.7501309013125921,0.3250734945167494,-0.04935654262709932,-0.47108503952373326,-0.43706391210178025,-0.03402900457605973,4.518078166245135,4.519517582451375,-0.964557418457798,0.25452070787518605,0.22573530286136734,0.04935654262709932
2,5.68,-0.7594630180385687,0.3161755140587012,-0.05002992563758932,-0.46210637223820583,-0.45273514135906967,-0.0333092964729399,4.529435537533863,4.530924074248831,-0.968583161128631,0.2408768370508581,0.22226363851322953,0.05002992563758932
2,5.7,-0.7686141258339014,0.3069685957477385,-0.05068866888347328,-0.45298453768166747,-0.467957691203704,-0.03256502811545603,4.541164347394524,4.542701470604847,-0.9723699203976767,0.22699524986977315,0.21888846444989296,0.05068866888347328
2,5.72,-0.7775813746163704,0.2974618617022897,-0.05133228382973078,-0.4437208775424111,-0.4827167070212625,-0.03179646651029466,4.553252760036769,4.554837829441965,-0.9759167619387472,0.21288964578253697,0.21561397350332953,0.05133228382973078
2,5.74,-0.7863619421837265,0.28766472647193725,-0.0519602878129107,-0.4343168382255514,-0.49699780028452484,-0.031003931807696783,4.56568859680125,4.567320863891474,-0.9792228106217657,0.19857394531739023,0.21244406760698706,0.0519602878129107
2,5.76,-0.794953036338429,0.2775868875807151,-0.05257220511361351,-0.42477397386228416,-0.5107870620530189,-0.030187798262584553,4.578459349570334,4.580137956112605,-0.9822872507286887,0.184062276342339,0.2093823316053797,0.05257220511361351
2,5.78,-0.8033518970705208,0.26723831580566276,-0.05316756804615385,-0.4150939491125721,-0.524071075948146,-0.029348494991449203,4.591552194471537,4.593276171428838,-0.9851093261547739,0.16936896012264577,0.2064320077147102,0.05316756804615385
2,5.8,-0.8115557987943278,0.25662924520122377,-0.05374591806119633,-0.4052785417433122,-0.5368369305938495,-0.028486506512798715,4.604954005849961,4.606722272755291,-0.9876883405951377,0.1545084971874739,0.20359597111952343,0.05374591806119633
2,5.82,-0.819562052634318,0.2457701628802689,-0.054306806856925655,-0.3953296449645859,-0.5490722315137513,-0.02760237306013369,4.618651370485369,4.620462735290293,-0.9900236577165575,0.1394955530196149,0.20087670723169374,0.054306806856925655
2,5.84,-0.8273680087551138,0.2346717985626954,-0.05484979749410371,-0.3852492695072589,-0.560765112476642,-0.026696690657671662,4.632630602029547,4.63448376144384,-0.9921147013144778,0.12434494358242774,0.19827629116736722,0.05484979749410371
2,5.86,-0.8349710587303225,0.22334511390270687,-0.055374465510185676,-0.3750395454259792,-0.5719042462831685,-0.02577011095052517,4.646877755639159,4.6487712959753456,-0.9939609554551797,0.10907162069827084,0.19579637001161448,0.055374465510185676
2,5.88,-0.8423686379445425,0.21180129160601135,-0.05588040002751525,-0.3647027236125203,-0.5824788549875084,-0.02482334078243198,4.661378642779572,4.663311041312783,-0.99556196460308,0.09369065729286284,0.19343814843655752,0.05588040002751525
2,5.9,-0.8495582280226089,0.20005172434829108,-0.056367204850497836,-0.3542411770054262,-0.5924787195487502,-0.02385714151582652,4.67611884617501,4.6780884730254835,-0.996917333733128,0.07821723252011517,0.1912023782143773,0.056367204850497836
2,5.92,-0.8565373592798745,0.18810800350639234,-0.056834499546562,-0.34365740148303436,-0.6018941889076074,-0.0228723280905897,4.691083734880937,4.693088855422809,-0.9980267284282716,0.06266661678215195,0.18908935212039782,0.056834499546562
2,5.94,-0.8633036131870744,0.1759819077137644,-0.057281920505664434,-0.33295401642817807,-0.6107161884849728,-0.021869767819653663,4.706258479454804,4.708297257251509,-0.99888987496197,0.04705415665925707,0.18709890265328533,0.057281920505664434
2,5.96,-0.8698546248431027,0.16368539125173615,-0.057709121973073985,-0.3221337649541902,-0.6189362280996638,-0.02085037892130115,4.721628067201924,4.723698567464823,-0.9995065603657316,0.031395259764656694,0.18523040591013315,0.057709121973073985
2,5.98,-0.8761880854488354,0.15123057228826503,-0.05811577705018551,-0.3111995137832484,-0.6265464093035187,-0.019815128789851477,4.737177317474001,4.739277511037256,-0.9998766324816606,0.01570537953906424,0.1834827908464427,0.05811577705018551
2,6.0,-0.8823017447749697,0.13862972097582169,-0.05850157865816626,-0.30015425276959934,-0.6335394321327658,-0.018765032008224103,4.752890896998611,4.755018664799655,-1.0,1.8369701987210297e-16,0.18185455402835118,0.05850157865816626
2,6.0200000000000005,-0.8881934136167167,0.125895247420088,-0.05886624045932553,-0.28900109406177804,-0.6399086012753008,-0.01770114810770218,4.768753335218857,4.770906473270317,-0.9998766324816606,-0.01570537953906476,0.18034377985187097,0.05886624045932553
2,6.04,-0.8938609662280821,0.11303968953114718,-0.05920949773122227,-0.2777432708995792,-0.6456478316541752,-0.016624579081972235,4.784749039623599,4.786925264458819,-0.9995065603657316,-0.031395259764656326,0.1789481660670997,0.05920949773122227
2,6.0600000000000005,-0.8993023427284035,0.10007570076883189,-0.059531108188685615,-0.26638413604324,-0.6507516534282034,-0.015536466664362147,4.80086231104965,4.803059265620702,-0.9988898749619699,-0.04705415665925759,0.17766505431058063,0.059531108188685615
2,6.08,-0.9045155514737768,0.08701603779387346,-0.059830852749117605,-0.25492715983403946,-0.6552152164111531,-0.014437989378836558,4.817077358938721,4.8192926189423515,-0.9980267284282716,-0.06266661678215159,0.17649146522237402,0.059830852749117605
2,6.1000000000000005,-0.9094986713860093,0.07387354803646012,-0.06010853623667618,-0.24337592788729992,-0.6590342939114724,-0.013330359377021206,4.833378316533133,4.835609397136924,-0.996917333733128,-0.07821723252011568,0.17542413761186929,0.06010853623667618
2,6.12,-0.9142498542317715,0.06066115719376963,-0.06036398802119765,-0.23173413842058366,-0.6622052859949462,-0.01221481907512556,4.849749255995621,4.8519936189337685,-0.99556196460308,-0.09369065729286248,0.17445957104255283,0.06036398802119765
2,6.140000000000001,-0.9187673268446978,0.04739185666798931,-0.060597062588009426,-0.22000559922169055,-0.6647252221730462,-0.011092637606051947,4.86617420344007,4.86842926444526,-0.9939609554551797,-0.10907162069827135,0.1735940711347984,0.060597062588009426
2,6.16,-0.9230493932832906,0.034078690956278745,-0.06080764003510451,-0.2081942242628794,-0.666591763520058,-0.009965107103456883,4.882637153861318,4.884900290396779,-0.9921147013144779,-0.12434494358242738,0.1728237968391399,0.06080764003510451
2,6.18,-0.9270944369176366,0.020734745004065566,-0.06099562649449635,-0.19630402996953428,-0.6678032042223258,-0.008833538835726684,4.899122085953619,4.901390645207044,-0.9900236577165575,-0.13949555301961453,0.17214480891132525,0.06099562649449635
2,6.2,-0.9309009224381182,0.0073731315329963795,-0.061160954474943754,-0.18433913115327213,-0.668358472563161,-0.00769925920901382,4.915612976808736,4.917884283907835,-0.9876883405951378,-0.15450849718747353,0.17155311882368174,0.061160954474943754
2,6.22,-0.9344673977795269,-0.005993021645207942,-0.06130358312362854,-0.1723037366212214,-0.6682571313471154,-0.006563605659464566,4.932093816486026,4.934365182893666,-0.985109326154774,-0.16936896012264543,0.17104473737284961,0.06130358312362854
2,6.24,-0.9377924959542332,-0.01935058431781809,-0.06142349840477963,-0.16020214447488476,-0.6674993777674193,-0.005427922455644718,4.948548622448043,4.950817354493689,-0.9822872507286887,-0.18406227634233863,0.17061572228847915,0.06142349840477963
2,6.26,-0.940874936788353,-0.03268643655198554,-0.0615207131936643,-0.14803873711361765,-0.6660860427204526,-0.004293556432821588,4.964961453856625,4.967224861359546,-0.9792228106217659,-0.1985739453173899,0.17026222420706086,0.0615207131936643
2,6.28,-0.943713528555168,-0.045987481356434955,-0.061595267284806125,-0.1358179759592976,-0.6640185895711321,-0.0031618526813609327,4.981316425725389,4.983571830664428,-0.9759167619387473,-0.21288964578253664,0.16998053044532704,0.061595267284806125
2,6.3,-0.9463071695004015,-0.059240657313016955,-0.061647227313738145,-0.12354439592021671,-0.6612991123730922,-0.002034150211841168,4.997597722925693,4.999842468110033,-0.9723699203976768,-0.22699524986977282,0.16976710608423703,0.061647227313738145
2,6.32,-0.9486548492543276,-0.07243295116725575,-0.061676686592053276,-0.11122259961358903,-0.6579303335474919,-0.0009117776196715388,5.01378961404407,5.016021071739239,-0.9685831611286311,-0.24087683705085777,0.16961863195335425,0.061676686592053276
2,6.34,-0.9507556501260915,-0.08555141036710198,-0.06168376485597086,-0.09885725136731716,-0.6539156010242249,0.0002039512279129463,5.029876465089903,5.0320920455536235,-0.9645574184577981,-0.2545207078751857,0.169532039182738,0.06168376485597086
2,6.36,-0.9526087482760411,-0.09858315553917593,-0.061668607929093996,-0.08645307102279995,-0.6492588848492309,0.0013117414597730859,5.0458427530528684,5.04803991293591,-0.9602936856769431,-0.2679133974894983,0.1695045400625319,0.061668607929093996
2,6.38,-0.954213414762321,-0.1115153928918593,-0.06163138730048333,-0.0740148275615755,-0.6439647732615209,0.0024103214012939356,5.061673079310188,5.063849329878282,-0.9557930147983301,-0.2810416889260652,0.16953365501678705,0.06163138730048333
2,6.4,-0.9555690164584383,-0.12433542653466512,-0.06157229961961698,-0.06154733257947588,-0.6380384682434435,0.003498446685341272,5.077352182884117,5.079505098018317,-0.9510565162951536,-0.2938926261462364,0.16961723555653732,0.06157229961961698
2,6.42,-0.9566750168389971,-0.13703067070338504,-0.061491566110239156,-0.04905543363271467,-0.6314857805476368,0.004574904252441336,5.0928649535503565,5.094992177484574,-0.9460853588275454,-0.306453526826488,0.1697534831268836,0.061491566110239156
2,6.44,-0.9575309766312889,-0.1495886618805814,-0.061389431905519244,-0.03654400748093134,-0.6243131242040436,0.005638516219550138,5.1081964447990185,5.110295699555684,-0.9408807689542253,-0.31871199487434526,0.1699409638039307,0.061389431905519244
2,6.46,-0.9581365543309327,-0.16199707080105807,-0.06126616530734491,-0.02401795325267077,-0.616527510510273,0.006688143597883056,5.1233318866469775,5.125400979133165,-0.9354440308298675,-0.3306559326618256,0.17017861883038024,0.06126616530734491
2,6.48,-0.9584915065802722,-0.1742437143320103,-0.061122056972956314,-0.011482185559089928,-0.6081365415086549,0.007722689840976682,5.1382566983050895,5.140293527034677,-0.9297764858882512,-0.3422735529643446,0.17046577100447904,0.061122056972956314
2,6.5,-0.9585956884087546,-0.18631656721761936,-0.060957419032488844,0.0010583724181667045,-0.5991484029531998,0.008741104205770456,5.152956500698718,5.154959062107992,-0.9238795325112866,-0.35355339059327395,0.1708021269571231,0.060957419032488844
2,6.5200000000000005,-0.9584490533350343,-0.1982037736779232,-0.06077258414132706,0.013598795838968647,-0.589571856769796,0.009742384910407798,5.167417128842416,5.1693835231696275,-0.9177546256839811,-0.3644843137107059,0.1711877753679878,0.06077258414132706
2,6.54,-0.9580516533310617,-0.20989365885186123,-0.060567904471482845,0.02613416509076911,-0.5794162330130026,0.010725582074013418,5.181624644068226,5.183553080770464,-0.9114032766354452,-0.3750555348152298,0.17162318118504644,0.060567904471482845
2,6.5600000000000005,-0.9574036386489342,-0.22137474007445943,-0.06034375064649138,0.038659572623224864,-0.5686914213229056,0.011689800425132568,5.195565346106558,5.197454148790434,-0.9048270524660196,-0.3852566213878946,0.17210917592470285,0.06034375064649138
2,6.58,-0.9565052575117885,-0.23263573797819284,-0.06010051062456935,0.05117012970628472,-0.5574078618856453,0.01263420176707053,5.209225785017914,5.211073395863705,-0.8980275757606156,-0.3950775061878451,0.17264694414344509,0.06010051062456935
2,6.6000000000000005,-0.9553568556705122,-0.24366558740863667,-0.05983858853499898,0.06366097308724204,-0.5455765359014187,0.013558007189966248,5.222592772972984,5.224397756635208,-0.8910065241883679,-0.4045084971874736,0.1732380061879752,0.05983858853499898
2,6.62,-0.953958875828534,-0.2544534481445953,-0.05955840347288854,0.07612727152295977,-0.5332089555639942,0.014460499021078044,5.235653395877779,5.237414442848507,-0.8837656300886936,-0.41354028713728075,0.17388419735035798,0.05955840347288854
2,6.640000000000001,-0.9523118569374215,-0.2649887154129826,-0.05926038825761333,0.08856423216431904,-0.5203171535560588,0.015341022506442425,5.248395024839572,5.250110954264231,-0.8763066800438634,-0.4221639627510078,0.17458764357877815,0.05926038825761333
2,6.66,-0.9504164333664625,-0.2752610301888159,-0.058944988160361186,0.10096710677090776,-0.5069136720650552,0.016198987218771888,5.260805327468553,5.262475089407307,-0.8686315144381914,-0.4303710135019716,0.17535073392350348,0.058944988160361186
2,6.68,-0.9482733339498368,-0.28526028927078406,-0.05861265960629198,0.11333119773504537,-0.49301155132453756,0.01703386818814867,5.2728722790091185,5.274494956140368,-0.860742027003944,-0.4381533400219315,0.17617608993177553,0.05861265960629198
2,6.7,-0.9458833809153907,-0.29497665512295296,-0.058263868856872764,0.12565186389542626,-0.47862431768650626,0.017845206753773213,5.284584173293835,5.2861589820595976,-0.8526401643540921,-0.44550326209418406,0.17706653224415028,0.058263868856872764
2,6.72,-0.9432474886994084,-0.30440056547328836,-0.05789909067796849,0.13792452612194725,-0.46376597123064617,0.018632611136654487,5.295929633512118,5.297455924708435,-0.8443279255020155,-0.45241352623300946,0.17802504468759936,0.05789909067796849
2,6.74,-0.9403666626521298,-0.3135227426597972,-0.05751880699925381,0.15014467265465406,-0.4484509729169046,0.019395756734812974,5.306897622784791,5.3083748816034,-0.8358073613682702,-0.4588773128419906,0.1790547362060527,0.05751880699925381
2,6.76,-0.9372419976390901,-0.32233420271522323,-0.05712350557046451,0.16230786418118837,-0.4326942312883953,0.020134386144117333,5.317477454534878,5.318905300065425,-0.8270805742745618,-0.4648882429441257,0.18015880101533308,0.05712350557046451
2,6.78,-0.933874676543656,-0.3308262641813804,-0.05671367861992943,0.17440973863862855,-0.41651108873219606,0.0208483089093906,5.327658802644086,5.329036986849028,-0.8181497174250235,-0.47044038447711267,0.18134047741461462,0.05671367861992943
2,6.8,-0.9302659686763965,-0.3389905566443611,-0.05628982152071691,0.1864460157271838,-0.39991730730622627,0.021537401011861523,5.3374317113836005,5.33876011756082,-0.8090169943749476,-0.4755282581475767,0.18260300572809482,0.05628982152071691
2,6.82,-0.9264172280971653,-0.3468190289820311,-0.05585243146959358,0.1984125011248109,-0.38292905414103195,0.02220160410047145,5.346786605107407,5.348065245857929,-0.7996846584870907,-0.4801468428384715,0.1839495858862151,0.05585243146959358
2,6.84,-0.9223298918559695,-0.3543039573154018,-0.055402006183831544,0.2103050903934643,-0.3655628864259703,0.022840924475732494,5.355714297695293,5.3569433124160195,-0.7901550123756906,-0.4842915805643155,0.18538333518287925,0.055402006183831544
2,6.86,-0.9180054781588723,-0.36143795265567114,-0.05493904262071326,0.22211977256935145,-0.34783573598997347,0.023455431836095664,5.364206001732607,5.365385653656078,-0.7804304073383295,-0.4879583809693738,0.18690724676148904,0.05493904262071326
2,6.88,-0.9134455844653109,-0.36821396823893143,-0.05446403572437399,0.23385263343123655,-0.329764893487764,0.024045257797830843,5.372253337412993,5.373384010218148,-0.7705132427757896,-0.49114362536434425,0.1885241493862832,0.05446403572437399
2,6.9,-0.9086518855233134,-0.3746253065407704,-0.053977477204391604,0.2454998584425028,-0.31136799220310435,0.02461059420040812,5.379848341150262,5.38093053516996,-0.7604059656000308,-0.4938441702975689,0.1902366690450671,0.053977477204391604
2,6.92,-0.90362613134917,-0.3806656259632273,-0.05347985435028495,0.25705773536433946,-0.29266299148137,0.025151691210257288,5.386983473885143,5.388017801937576,-0.7501110696304595,-0.49605735065723894,0.1920471929041351,0.05347985435028495
2,6.94,-0.8983701451581455,-0.386328947186821,-0.05297164888581764,0.2685226565390501,-0.27366815980444553,0.025668855236473775,5.393651629073033,5.394638811945621,-0.7396310949786097,-0.49778098230154,0.19395783609618292,0.05297164888581764
2,6.96,-0.8928858212528296,-0.3916096591806337,-0.05245333586672522,0.2798911208440767,-0.254402057521625,0.02616244667276757,5.39984614033499,5.400787001950137,-0.7289686274214116,-0.4990133642141358,0.1959704117679253,0.05245333586672522
2,6.98,-0.8871751228756897,-0.3965025248637139,-0.05192538262519414,0.29115973531888034,-0.23488351925102396,0.026632877480341155,5.4055607887659765,5.406456251059303,-0.7181262977631889,-0.4997532801828658,0.19808640474775707,0.05192538262519414
2,7.0,-0.8812400800323353,-0.4010026864113586,-0.05138824776412068,0.30232521646833826,-0.21513163596634793,0.027080608627004232,5.410789809874585,5.4116408874162305,-0.7071067811865477,-0.5,0.20030694911730892,0.05138824776412068
2,7.0200000000000005,-0.8750827872919142,-0.4051056702001404,-0.05084238020387237,0.3133843912477299,-0.195165736784986,0.027506147397827196,5.415527900148766,5.416335694539298,-0.6959127965923139,-0.49975328018286574,0.2026328098870886,0.05084238020387237
2,7.04,-0.8687054015709458,-0.40880739138586886,-0.05028821828396317,0.3243341977357745,-0.17500537047368453,0.02791004459309321,5.419770223230327,5.420535917302541,-0.684547105928689,-0.4990133642141358,0.20506436888878307,0.05028821828396317
2,7.0600000000000005,-0.8621101399067551,-0.41210415810900825,-0.04972618892174024,0.33517168550346815,-0.15467028668880942,0.0282928916291999,5.423512415685171,5.424237267543259,-0.6730125135097731,-0.49778098230153994,0.2076016149086769,0.04972618892174024
2,7.08,-0.8552992772265037,-0.4149926753224182,-0.0491567068298658,0.3458940156876803,-0.1341804169687684,0.02865531755824391,5.426750592356434,5.427435929283537,-0.6613118653236523,-0.496057350657239,0.2102441380012923,0.0491567068298658
2,7.1000000000000005,-0.8482751441176207,-0.41747004823664224,-0.04858017379406541,0.3564984607795923,-0.11355585549671546,0.028997986021795374,5.429481351287862,5.430128563552718,-0.6494480483301834,-0.49384417029756883,0.2129911278430256,0.04858017379406541
2,7.12,-0.8410401246052301,-0.41953378537833674,-0.04799697801230522,0.3669824041390907,-0.09281683965218149,0.029321592154223475,5.431701778205632,5.432312312798349,-0.6374239897486896,-0.4911436253643443,0.21584137591467142,0.04799697801230522
2,7.140000000000001,-0.8335966539419335,-0.421181801257809,-0.04740749349625717,0.37734333924716096,-0.07198373037075675,0.029626859450581855,5.433409450547274,5.433984804873483,-0.6252426563357052,-0.48795838096937366,0.21879328124161204,0.04740749349625717
2,7.16,-0.8259472164150607,-0.4224124186420225,-0.04681207953561449,0.3875788687091597,-0.05107699233139905,0.02991453661368626,5.434602441027097,5.4351441565888345,-0.6129070536529765,-0.4842915805643156,0.22184485937226656,0.04681207953561449
2,7.18,-0.8180943431762372,-0.42322437042982086,-0.04621108022553208,0.3976867030225756,-0.030117173991349933,0.03018539439455481,5.4352793207282994,5.435788976818868,-0.6004202253258841,-0.4801468428384716,0.2249937542400744,0.04621108022553208
2,7.2,-0.810040610097833,-0.42361680112652694,-0.04560482405718814,0.4076646591235152,-0.009124887489009251,0.030440222439839126,5.435439161712472,5.435918369151416,-0.5877852522924734,-0.4755282581475769,0.2282372525317389,0.04560482405718814
2,7.22,-0.8017886356605757,-0.4235892679154828,-0.044993623571196635,0.41751065872667326,0.011879211564546702,0.030679826159310974,5.435081539138113,5.435531934071098,-0.5750052520432788,-0.47044038447711284,0.23157230017422525,0.044993623571196635
2,7.24,-0.7933410788763025,-0.4231417413245133,-0.04437777507334549,0.42722272647396553,0.03287444438442398,0.030905023625803385,5.43420653288321,5.434629770670318,-0.5620833778521309,-0.46488824294412584,0.23499552055403403,0.04437777507334549
2,7.26,-0.7847006372495259,-0.4222746054857178,-0.04375755841189388,0.4367989879073216,0.053840129380023236,0.031116642519357307,5.432814728658802,5.433212477873209,-0.5490228179981321,-0.4588773128419908,0.23850323409317029,0.04375755841189388
2,7.28,-0.7758700447811713,-0.4209886579874202,-0.043133236815434704,0.44623766728133785,0.07475560257081276,0.031315517126560555,5.430907218614809,5.431281155172472,-0.5358267949789963,-0.4524135262330096,0.24209147882534407,0.043133236815434704
2,7.3,-0.766852070017531,-0.4192851093175394,-0.04250505679011518,0.45553708523161757,0.09560023802828879,0.03150248540539169,5.42848560142946,5.428837402868745,-0.5224985647159495,-0.4455032620941842,0.24575603164152351,0.04250505679011518
2,7.32,-0.7576495141471628,-0.41716558189807423,-0.04187324807481092,0.46469565631463433,0.1163534683223659,0.03167838612503415,5.425551981878948,5.425883321807745,-0.5090414157503712,-0.43815334002193174,0.2494924299042645,0.04187324807481092
2,7.34,-0.7482652091481437,-0.41463210871083267,-0.04123802365266626,0.4737118864348824,0.1369948049503821,0.031844056089432304,5.42210896988417,5.422421512610287,-0.4954586684324075,-0.43037101350197177,0.25329599316349577,0.04123802365266626
2,7.36,-0.7387020159877775,-0.4116871315149712,-0.04059957981724703,0.48258437017491024,0.15750385872684913,0.032000327452490596,5.418159679032034,5.41845507439128,-0.4817536741017153,-0.42216396275100754,0.2571618447412934,0.04059957981724703
2,7.38,-0.7289628228765435,-0.4083334986573498,-0.03995809629140099,0.4913117880435848,0.17786036011205725,0.032148025132113234,5.413707724569889,5.413987602964527,-0.4679298142605735,-0.41354028713728097,0.26108493298806,0.03995809629140099
2,7.4,-0.7190505435777711,-0.404574462477143,-0.03931373639678554,0.499892903657602,0.198044179457663,0.03228796432943215,5.408757220872284,5.409023188531113,-0.45399049973954697,-0.40450849718747384,0.2650600520465895,0.03931373639678554
2,7.42,-0.7089681157742287,-0.40041367630658675,-0.03866664727190275,0.5083265608708553,0.21803534714743808,0.032420948158846774,5.403312778380168,5.403566412849883,-0.4399391698559154,-0.3950775061878454,0.26908186199269335,0.03866664727190275
2,7.44,-0.6987184994925267,-0.395855191070175,-0.03801696013637724,0.5166116808657987,0.23781407361143808,0.03254776539370419,5.397379500013397,5.3976223458894905,-0.4257792915650722,-0.3852566213878943,0.2731449082508704,0.03801696013637724
2,7.46,-0.6883046755859585,-0.3909034514850541,-0.037364790599122684,0.5247472592204013,0.25736076919196665,0.03266918833175103,5.390962977058191,5.391196541962159,-0.4115143586051092,-0.3750555348152301,0.27724364021043424,0.037364790599122684
2,7.48,-0.6777296442761358,-0.38556329186579413,-0.036710239007967826,0.5327323629636976,0.2766560638398509,0.03278597078373491,5.384069284531953,5.3842950353402275,-0.39714789063478034,-0.36448431371070555,0.28137242899140097,0.036710239007967826
2,7.5,-0.6669964237535219,-0.3798399315371441,-0.03605339083825176,0.5405661276322862,0.29568082661971723,0.0328988461878722,5.376704976028627,5.376924335357319,-0.3826834323650904,-0.35355339059327423,0.28552558433007724,0.03605339083825176
2,7.5200000000000005,-0.6561080488367259,-0.3737389698588027,-0.035394317117850856,0.5482477543394407,0.31441618500315666,0.03300852585221803,5.3688770780483654,5.369091420996667,-0.36812455268467786,-0.34227355296434425,0.2896973705719449,0.035394317117850856
2,7.54,-0.645067569690196,-0.3672663808666552,-0.03473307488606499,0.555776506867764,0.3328435439288907,0.033115697326368765,5.360593083816164,5.3608037349700295,-0.3534748437792571,-0.3306559326618259,0.29388202177392614,0.03473307488606499
2,7.5600000000000005,-0.6338780505997362,-0.36042850753534345,-0.03406970768376829,0.5631517087955504,0.35094460460930166,0.03322102290330131,5.351860946594609,5.352069177291241,-0.3387379202452914,-0.3187119948743449,0.29807375593002805,0.03406970768376829
2,7.58,-0.6225425688050793,-0.3532320556674455,-0.033404246072219104,0.5703727406662332,0.36870138306296196,0.033325138251617425,5.342689072496692,5.3428960983492715,-0.32391741819814956,-0.30645352682648835,0.3022667883435686,0.033404246072219104
2,7.6000000000000005,-0.6110642133885653,-0.3456840874149451,-0.03273670817792386,0.577439037209482,0.3860962283530956,0.033428651177907054,5.333086312805103,5.333293291486249,-0.3090169943749477,-0.29389262614623674,0.3064553441762901,0.03273670817792386
2,7.62,-0.5994460842188157,-0.33779201443907103,-0.03206710026095999,0.5843500846216886,0.403111840512218,0.03353214051847975,5.323061955805265,5.323269985086742,-0.2940403252323043,-0.28104168892606557,0.310633670209717,0.03206710026095999
2,7.640000000000001,-0.5876912909481437,-0.3295635907149759,-0.031395417304183014,0.591105417912749,0.41973128813354355,0.03363615515921803,5.312625718139739,5.31283583418512,-0.2789911060392288,-0.26791339748949794,0.3147960458575314,0.031395417304183014
2,7.66,-0.5758029520623129,-0.32100690498811024,-0.03072164362077175,0.5977046183252099,0.4359380256101036,0.03374121318190826,5.301787735692362,5.3020009115985385,-0.26387304996537336,-0.2545207078751861,0.318936793469717,0.03072164362077175
2,7.68,-0.563784193981145,-0.31213037288952505,-0.030045753477602702,0.6041473108310181,0.4517159100028969,0.033847801134996414,5.290558554010941,5.29077569859369,-0.24868988716485535,-0.24087683705085816,0.3230502879700779,0.030045753477602702
2,7.7,-0.5516381502083756,-0.3029427287177038,-0.02936771173198903,0.610433161710283,0.4670492175197874,0.0339563734263707,5.278949118278003,5.279171075096097,-0.2334453638559052,-0.2269952498697732,0.3271309658685734,0.02936771173198903
2,7.72,-0.5393679605290844,-0.29345301689488873,-0.028687474479371144,0.616561876215654,0.4819226595872788,0.03406735183541765,5.266970762839492,5.267198309451291,-0.2181432413965433,-0.21288964578253702,0.33117333368912183,0.028687474479371144
2,7.74,-0.5269767702529556,-0.28367058310621834,-0.028004989709603797,0.6225331963251187,0.4963213984977236,0.034181125141317215,5.254635200301896,5.254869047747804,-0.20278729535651246,-0.19857394531739028,0.33517197585209085,0.028004989709603797
2,7.76,-0.5144677295015798,-0.27360506513033683,-0.02732019796954791,0.628346898585256,0.5102310626149704,0.034298048864271125,5.241954510208788,5.242195302712444,-0.18738131458572468,-0.18406227634233904,0.33912156204883065,0.02732019796954791
2,7.78,-0.501843992537973,-0.26326638337047265,-0.026633033029744207,0.634002792046236,0.523637761121915,0.03441844511609926,5.228941127308261,5.229189442188908,-0.1719291002794097,-0.16936896012264582,0.34301685414358424,0.026633033029744207
2,7.8,-0.48910871713647275,-0.2526647310953084,-0.02594342255301899,0.6395007162891411,0.5365280982938984,0.03454260255642272,5.215607829423191,5.215864177211251,-0.15643446504023112,-0.15450849718747395,0.3468527126357285,0.02594342255301899
2,7.82,-0.4762650639911633,-0.24181056439928098,-0.025251288762950234,0.6448405395455058,0.548889187282389,0.03467077645045269,5.201967724936754,5.2022325496842905,-0.140901231937583,-0.13949555301961494,0.3506241027129812,0.025251288762950234
2,7.84,-0.4633161961609927,-0.23071459189225677,-0.0245565491102035,0.6500221569083262,0.5607086633938901,0.034803188824220954,5.18803423990603,5.188307919683467,-0.12533323356430465,-0.1243449435824278,0.35432609992377206,0.0245565491102035
2,7.86,-0.4502652785497645,-0.21938776412882274,-0.023859116934831896,0.6550454886331879,0.5719746968495396,0.03494002871293944,5.173821104817064,5.174103952387204,-0.1097343110910449,-0.10907162069827091,0.35795389549460366,0.023859116934831896
2,7.88,-0.4371154774192209,-0.20784126278771975,-0.023158902122722404,0.6599104785276013,0.5826760050114004,0.03508145249800976,5.159342340995092,5.159634604655271,-0.09410831331851491,-0.0936906572928629,0.3615028013159111,0.023158902122722404
2,7.9,-0.42386995993347537,-0.1960864896122184,-0.022455811754461312,0.6646170924261166,0.5928018640619956,0.03522758432809925,5.144612246684075,5.14491411126704,-0.07845909572784475,-0.07821723252011524,0.3649682546177474,0.022455811754461312
2,7.92,-0.4105318937331082,-0.18413505512250197,-0.021749750744984503,0.6691653167483181,0.6023421201241987,0.03537851661958158,5.129645382810165,5.129956970834049,-0.06279051952931326,-0.062666616782152,0.3683458223544651,0.021749750744984503
2,7.94,-0.3971044465372999,-0.17199876711137188,-0.02104062247247345,0.6735551571363816,0.6112871998091707,0.03553431063152346,5.114456558444004,5.114777931401609,-0.04710645070964264,-0.047054156659257135,0.37163120531571014,0.02104062247247345
2,7.96,-0.38359078577244704,-0.15968961893483213,-0.020328329395054953,0.6777866371684989,0.6196281201806227,0.03569499711032631,5.099060815977248,5.099391975754714,-0.03141075907812836,-0.031395259764656756,0.37482024197913455,0.020328329395054953
2,7.98,-0.3699940782257831,-0.1472197776093376,-0.019612773653961097,0.6818597971441571,0.6273564981242866,0.03586057699905931,5.083473416028983,5.083814306443722,-0.01570731731182083,-0.015705379539064302,0.3779089121186392,0.019612773653961097
